file,line,type,commit,author,date,time,timezone,datetime,depth,length
style.css,1,css,7ec7bcb2,Yangyang Liu,2026-04-09,14:32:19,-07:00,2026-04-09T14:32:19-07:00,0,3
style.css,2,css,7ec7bcb2,Yangyang Liu,2026-04-09,14:32:19,-07:00,2026-04-09T14:32:19-07:00,1,20
style.css,3,css,7ec7bcb2,Yangyang Liu,2026-04-09,14:32:19,-07:00,2026-04-09T14:32:19-07:00,0,0
style.css,4,css,7ec7bcb2,Yangyang Liu,2026-04-09,14:32:19,-07:00,2026-04-09T14:32:19-07:00,0,0
style.css,5,css,bb3d1fef,Yangyang Liu,2026-04-17,14:10:29,-07:00,2026-04-17T14:10:29-07:00,0,2
style.css,6,css,bb3d1fef,Yangyang Liu,2026-04-17,14:10:29,-07:00,2026-04-17T14:10:29-07:00,1,21
style.css,7,css,bb3d1fef,Yangyang Liu,2026-04-17,14:10:29,-07:00,2026-04-17T14:10:29-07:00,0,0
style.css,8,css,bb3d1fef,Yangyang Liu,2026-04-17,14:10:29,-07:00,2026-04-17T14:10:29-07:00,0,0
style.css,9,css,40bdcf89,Yangyang Liu,2026-04-01,16:50:28,-07:00,2026-04-01T16:50:28-07:00,0,2
style.css,10,css,40bdcf89,Yangyang Liu,2026-04-01,16:50:28,-07:00,2026-04-01T16:50:28-07:00,1,21
style.css,11,css,524cacae,Yangyang Liu,2026-04-09,14:11:35,-07:00,2026-04-09T14:11:35-07:00,1,13
style.css,12,css,524cacae,Yangyang Liu,2026-04-09,14:11:35,-07:00,2026-04-09T14:11:35-07:00,1,40
style.css,13,css,7ec7bcb2,Yangyang Liu,2026-04-09,14:32:19,-07:00,2026-04-09T14:32:19-07:00,1,30
style.css,14,css,95e9c9e0,Yangyang Liu,2026-04-17,14:17:08,-07:00,2026-04-17T14:17:08-07:00,1,14
style.css,15,css,7ec7bcb2,Yangyang Liu,2026-04-09,14:32:19,-07:00,2026-04-09T14:32:19-07:00,0,0
style.css,16,css,7ec7bcb2,Yangyang Liu,2026-04-09,14:32:19,-07:00,2026-04-09T14:32:19-07:00,0,0
style.css,17,css,7ec7bcb2,Yangyang Liu,2026-04-09,14:32:19,-07:00,2026-04-09T14:32:19-07:00,0,1
style.css,18,css,bb3d1fef,Yangyang Liu,2026-04-17,14:10:29,-07:00,2026-04-17T14:10:29-07:00,1,37
style.css,19,css,bb3d1fef,Yangyang Liu,2026-04-17,14:10:29,-07:00,2026-04-17T14:10:29-07:00,1,41
style.css,20,css,7ec7bcb2,Yangyang Liu,2026-04-09,14:32:19,-07:00,2026-04-09T14:32:19-07:00,1,10
style.css,21,css,7ec7bcb2,Yangyang Liu,2026-04-09,14:32:19,-07:00,2026-04-09T14:32:19-07:00,1,17
style.css,22,css,bb3d1fef,Yangyang Liu,2026-04-17,14:10:29,-07:00,2026-04-17T14:10:29-07:00,1,24
style.css,23,css,7ec7bcb2,Yangyang Liu,2026-04-09,14:32:19,-07:00,2026-04-09T14:32:19-07:00,1,23
style.css,24,css,bb3d1fef,Yangyang Liu,2026-04-17,14:10:29,-07:00,2026-04-17T14:10:29-07:00,1,38
style.css,25,css,7ec7bcb2,Yangyang Liu,2026-04-09,14:32:19,-07:00,2026-04-09T14:32:19-07:00,1,0
style.css,26,css,7ec7bcb2,Yangyang Liu,2026-04-09,14:32:19,-07:00,2026-04-09T14:32:19-07:00,2,4
style.css,27,css,7ec7bcb2,Yangyang Liu,2026-04-09,14:32:19,-07:00,2026-04-09T14:32:19-07:00,2,18
style.css,28,css,7ec7bcb2,Yangyang Liu,2026-04-09,14:32:19,-07:00,2026-04-09T14:32:19-07:00,2,11
style.css,29,css,7ec7bcb2,Yangyang Liu,2026-04-09,14:32:19,-07:00,2026-04-09T14:32:19-07:00,2,15
style.css,30,css,7ec7bcb2,Yangyang Liu,2026-04-09,14:32:19,-07:00,2026-04-09T14:32:19-07:00,2,11
style.css,31,css,7ec7bcb2,Yangyang Liu,2026-04-09,14:32:19,-07:00,2026-04-09T14:32:19-07:00,1,0
style.css,32,css,7ec7bcb2,Yangyang Liu,2026-04-09,14:32:19,-07:00,2026-04-09T14:32:19-07:00,0,0
style.css,33,css,7ec7bcb2,Yangyang Liu,2026-04-09,14:32:19,-07:00,2026-04-09T14:32:19-07:00,1,5
style.css,34,css,7ec7bcb2,Yangyang Liu,2026-04-09,14:32:19,-07:00,2026-04-09T14:32:19-07:00,2,23
style.css,35,css,7ec7bcb2,Yangyang Liu,2026-04-09,14:32:19,-07:00,2026-04-09T14:32:19-07:00,2,23
style.css,36,css,7ec7bcb2,Yangyang Liu,2026-04-09,14:32:19,-07:00,2026-04-09T14:32:19-07:00,2,37
style.css,37,css,bb3d1fef,Yangyang Liu,2026-04-17,14:10:29,-07:00,2026-04-17T14:10:29-07:00,2,67
style.css,38,css,bb3d1fef,Yangyang Liu,2026-04-17,14:10:29,-07:00,2026-04-17T14:10:29-07:00,2,60
style.css,39,css,7ec7bcb2,Yangyang Liu,2026-04-09,14:32:19,-07:00,2026-04-09T14:32:19-07:00,1,0
style.css,40,css,7ec7bcb2,Yangyang Liu,2026-04-09,14:32:19,-07:00,2026-04-09T14:32:19-07:00,0,0
style.css,41,css,7ec7bcb2,Yangyang Liu,2026-04-09,14:32:19,-07:00,2026-04-09T14:32:19-07:00,1,0
style.css,42,css,7ec7bcb2,Yangyang Liu,2026-04-09,14:32:19,-07:00,2026-04-09T14:32:19-07:00,2,14
style.css,43,css,7ec7bcb2,Yangyang Liu,2026-04-09,14:32:19,-07:00,2026-04-09T14:32:19-07:00,1,0
style.css,44,css,7ec7bcb2,Yangyang Liu,2026-04-09,14:32:19,-07:00,2026-04-09T14:32:19-07:00,0,0
style.css,45,css,7ec7bcb2,Yangyang Liu,2026-04-09,14:32:19,-07:00,2026-04-09T14:32:19-07:00,1,0
style.css,46,css,7ec7bcb2,Yangyang Liu,2026-04-09,14:32:19,-07:00,2026-04-09T14:32:19-07:00,2,14
style.css,47,css,7ec7bcb2,Yangyang Liu,2026-04-09,14:32:19,-07:00,2026-04-09T14:32:19-07:00,1,0
style.css,48,css,7ec7bcb2,Yangyang Liu,2026-04-09,14:32:19,-07:00,2026-04-09T14:32:19-07:00,0,0
style.css,49,css,7ec7bcb2,Yangyang Liu,2026-04-09,14:32:19,-07:00,2026-04-09T14:32:19-07:00,1,6
style.css,50,css,7ec7bcb2,Yangyang Liu,2026-04-09,14:32:19,-07:00,2026-04-09T14:32:19-07:00,2,23
style.css,51,css,7ec7bcb2,Yangyang Liu,2026-04-09,14:32:19,-07:00,2026-04-09T14:32:19-07:00,2,23
style.css,52,css,95e9c9e0,Yangyang Liu,2026-04-17,14:17:08,-07:00,2026-04-17T14:17:08-07:00,2,65
style.css,53,css,7ec7bcb2,Yangyang Liu,2026-04-09,14:32:19,-07:00,2026-04-09T14:32:19-07:00,1,0
style.css,54,css,7ec7bcb2,Yangyang Liu,2026-04-09,14:32:19,-07:00,2026-04-09T14:32:19-07:00,0,0
style.css,55,css,67b8fb22,Yangyang Liu,2026-04-09,15:08:05,-07:00,2026-04-09T15:08:05-07:00,0,0
style.css,56,css,67b8fb22,Yangyang Liu,2026-04-09,15:08:05,-07:00,2026-04-09T15:08:05-07:00,0,0
style.css,57,css,67b8fb22,Yangyang Liu,2026-04-09,15:08:05,-07:00,2026-04-09T15:08:05-07:00,0,0
style.css,58,css,67b8fb22,Yangyang Liu,2026-04-09,15:08:05,-07:00,2026-04-09T15:08:05-07:00,0,2
style.css,59,css,67b8fb22,Yangyang Liu,2026-04-09,15:08:05,-07:00,2026-04-09T15:08:05-07:00,1,10
style.css,60,css,67b8fb22,Yangyang Liu,2026-04-09,15:08:05,-07:00,2026-04-09T15:08:05-07:00,1,28
style.css,61,css,67b8fb22,Yangyang Liu,2026-04-09,15:08:05,-07:00,2026-04-09T15:08:05-07:00,1,5
style.css,62,css,67b8fb22,Yangyang Liu,2026-04-09,15:08:05,-07:00,2026-04-09T15:08:05-07:00,0,0
style.css,63,css,67b8fb22,Yangyang Liu,2026-04-09,15:08:05,-07:00,2026-04-09T15:08:05-07:00,0,0
style.css,64,css,67b8fb22,Yangyang Liu,2026-04-09,15:08:05,-07:00,2026-04-09T15:08:05-07:00,0,3
style.css,65,css,67b8fb22,Yangyang Liu,2026-04-09,15:08:05,-07:00,2026-04-09T15:08:05-07:00,1,10
style.css,66,css,67b8fb22,Yangyang Liu,2026-04-09,15:08:05,-07:00,2026-04-09T15:08:05-07:00,1,27
style.css,67,css,67b8fb22,Yangyang Liu,2026-04-09,15:08:05,-07:00,2026-04-09T15:08:05-07:00,1,16
style.css,68,css,67b8fb22,Yangyang Liu,2026-04-09,15:08:05,-07:00,2026-04-09T15:08:05-07:00,0,0
style.css,69,css,67b8fb22,Yangyang Liu,2026-04-09,15:08:05,-07:00,2026-04-09T15:08:05-07:00,0,0
style.css,70,css,67b8fb22,Yangyang Liu,2026-04-09,15:08:05,-07:00,2026-04-09T15:08:05-07:00,0,4
style.css,71,css,67b8fb22,Yangyang Liu,2026-04-09,15:08:05,-07:00,2026-04-09T15:08:05-07:00,1,16
style.css,72,css,67b8fb22,Yangyang Liu,2026-04-09,15:08:05,-07:00,2026-04-09T15:08:05-07:00,0,0
style.css,73,css,67b8fb22,Yangyang Liu,2026-04-09,15:08:05,-07:00,2026-04-09T15:08:05-07:00,0,0
style.css,74,css,67b8fb22,Yangyang Liu,2026-04-09,15:08:05,-07:00,2026-04-09T15:08:05-07:00,0,2
style.css,75,css,67b8fb22,Yangyang Liu,2026-04-09,15:08:05,-07:00,2026-04-09T15:08:05-07:00,0,5
style.css,76,css,67b8fb22,Yangyang Liu,2026-04-09,15:08:05,-07:00,2026-04-09T15:08:05-07:00,0,4
style.css,77,css,67b8fb22,Yangyang Liu,2026-04-09,15:08:05,-07:00,2026-04-09T15:08:05-07:00,1,10
style.css,78,css,67b8fb22,Yangyang Liu,2026-04-09,15:08:05,-07:00,2026-04-09T15:08:05-07:00,1,8
style.css,79,css,67b8fb22,Yangyang Liu,2026-04-09,15:08:05,-07:00,2026-04-09T15:08:05-07:00,1,19
style.css,80,css,67b8fb22,Yangyang Liu,2026-04-09,15:08:05,-07:00,2026-04-09T15:08:05-07:00,0,0
style.css,81,css,4df206f9,Yangyang Liu,2026-04-09,16:13:01,-07:00,2026-04-09T16:13:01-07:00,0,0
style.css,82,css,4df206f9,Yangyang Liu,2026-04-09,16:13:01,-07:00,2026-04-09T16:13:01-07:00,0,0
style.css,83,css,4df206f9,Yangyang Liu,2026-04-09,16:13:01,-07:00,2026-04-09T16:13:01-07:00,0,0
style.css,84,css,4df206f9,Yangyang Liu,2026-04-09,16:13:01,-07:00,2026-04-09T16:13:01-07:00,0,7
style.css,85,css,4df206f9,Yangyang Liu,2026-04-09,16:13:01,-07:00,2026-04-09T16:13:01-07:00,1,10
style.css,86,css,4df206f9,Yangyang Liu,2026-04-09,16:13:01,-07:00,2026-04-09T16:13:01-07:00,1,56
style.css,87,css,4df206f9,Yangyang Liu,2026-04-09,16:13:01,-07:00,2026-04-09T16:13:01-07:00,1,7
style.css,88,css,4df206f9,Yangyang Liu,2026-04-09,16:13:01,-07:00,2026-04-09T16:13:01-07:00,0,0
style.css,89,css,4df206f9,Yangyang Liu,2026-04-09,16:13:01,-07:00,2026-04-09T16:13:01-07:00,0,0
style.css,90,css,4df206f9,Yangyang Liu,2026-04-09,16:13:01,-07:00,2026-04-09T16:13:01-07:00,0,15
style.css,91,css,4df206f9,Yangyang Liu,2026-04-09,16:13:01,-07:00,2026-04-09T16:13:01-07:00,1,10
style.css,92,css,4df206f9,Yangyang Liu,2026-04-09,16:13:01,-07:00,2026-04-09T16:13:01-07:00,1,24
style.css,93,css,4df206f9,Yangyang Liu,2026-04-09,16:13:01,-07:00,2026-04-09T16:13:01-07:00,1,13
style.css,94,css,4df206f9,Yangyang Liu,2026-04-09,16:13:01,-07:00,2026-04-09T16:13:01-07:00,1,5
style.css,95,css,4df206f9,Yangyang Liu,2026-04-09,16:13:01,-07:00,2026-04-09T16:13:01-07:00,0,0
style.css,96,css,4df206f9,Yangyang Liu,2026-04-09,16:13:01,-07:00,2026-04-09T16:13:01-07:00,0,0
style.css,97,css,4df206f9,Yangyang Liu,2026-04-09,16:13:01,-07:00,2026-04-09T16:13:01-07:00,0,0
style.css,98,css,4df206f9,Yangyang Liu,2026-04-09,16:13:01,-07:00,2026-04-09T16:13:01-07:00,0,0
style.css,99,css,4df206f9,Yangyang Liu,2026-04-09,16:13:01,-07:00,2026-04-09T16:13:01-07:00,1,12
style.css,100,css,4df206f9,Yangyang Liu,2026-04-09,16:13:01,-07:00,2026-04-09T16:13:01-07:00,0,0
style.css,101,css,4df206f9,Yangyang Liu,2026-04-09,16:13:01,-07:00,2026-04-09T16:13:01-07:00,0,0
style.css,102,css,4df206f9,Yangyang Liu,2026-04-09,16:13:01,-07:00,2026-04-09T16:13:01-07:00,0,20
style.css,103,css,4df206f9,Yangyang Liu,2026-04-09,16:13:01,-07:00,2026-04-09T16:13:01-07:00,1,13
style.css,104,css,4df206f9,Yangyang Liu,2026-04-09,16:13:01,-07:00,2026-04-09T16:13:01-07:00,1,15
style.css,105,css,4df206f9,Yangyang Liu,2026-04-09,16:13:01,-07:00,2026-04-09T16:13:01-07:00,0,0
style.css,106,css,4df206f9,Yangyang Liu,2026-04-09,16:13:01,-07:00,2026-04-09T16:13:01-07:00,0,0
style.css,107,css,4df206f9,Yangyang Liu,2026-04-09,16:13:01,-07:00,2026-04-09T16:13:01-07:00,0,2
style.css,108,css,4517e7a0,Yangyang Liu,2026-04-24,12:01:21,-07:00,2026-04-24T12:01:21-07:00,1,11
style.css,109,css,4517e7a0,Yangyang Liu,2026-04-24,12:01:21,-07:00,2026-04-24T12:01:21-07:00,1,16
style.css,110,css,4517e7a0,Yangyang Liu,2026-04-24,12:01:21,-07:00,2026-04-24T12:01:21-07:00,1,18
style.css,111,css,4df206f9,Yangyang Liu,2026-04-09,16:13:01,-07:00,2026-04-09T16:13:01-07:00,1,9
style.css,112,css,4517e7a0,Yangyang Liu,2026-04-24,12:01:21,-07:00,2026-04-24T12:01:21-07:00,1,16
style.css,113,css,4df206f9,Yangyang Liu,2026-04-09,16:13:01,-07:00,2026-04-09T16:13:01-07:00,0,0
style.css,114,css,6bd1d3a5,Yangyang Liu,2026-04-09,16:24:56,-07:00,2026-04-09T16:24:56-07:00,0,0
style.css,115,css,6bd1d3a5,Yangyang Liu,2026-04-09,16:24:56,-07:00,2026-04-09T16:24:56-07:00,0,0
style.css,116,css,6bd1d3a5,Yangyang Liu,2026-04-09,16:24:56,-07:00,2026-04-09T16:24:56-07:00,0,0
style.css,117,css,6bd1d3a5,Yangyang Liu,2026-04-09,16:24:56,-07:00,2026-04-09T16:24:56-07:00,0,13
style.css,118,css,6bd1d3a5,Yangyang Liu,2026-04-09,16:24:56,-07:00,2026-04-09T16:24:56-07:00,1,17
style.css,119,css,6bd1d3a5,Yangyang Liu,2026-04-09,16:24:56,-07:00,2026-04-09T16:24:56-07:00,0,0
style.css,120,css,6bd1d3a5,Yangyang Liu,2026-04-09,16:24:56,-07:00,2026-04-09T16:24:56-07:00,0,0
style.css,121,css,6bd1d3a5,Yangyang Liu,2026-04-09,16:24:56,-07:00,2026-04-09T16:24:56-07:00,0,17
style.css,122,css,6bd1d3a5,Yangyang Liu,2026-04-09,16:24:56,-07:00,2026-04-09T16:24:56-07:00,1,10
style.css,123,css,95e9c9e0,Yangyang Liu,2026-04-17,14:17:08,-07:00,2026-04-17T14:17:08-07:00,1,51
style.css,124,css,6bd1d3a5,Yangyang Liu,2026-04-09,16:24:56,-07:00,2026-04-09T16:24:56-07:00,1,15
style.css,125,css,6bd1d3a5,Yangyang Liu,2026-04-09,16:24:56,-07:00,2026-04-09T16:24:56-07:00,0,0
style.css,126,css,6bd1d3a5,Yangyang Liu,2026-04-09,16:24:56,-07:00,2026-04-09T16:24:56-07:00,0,0
style.css,127,css,6bd1d3a5,Yangyang Liu,2026-04-09,16:24:56,-07:00,2026-04-09T16:24:56-07:00,0,13
style.css,128,css,6bd1d3a5,Yangyang Liu,2026-04-09,16:24:56,-07:00,2026-04-09T16:24:56-07:00,1,14
style.css,129,css,6bd1d3a5,Yangyang Liu,2026-04-09,16:24:56,-07:00,2026-04-09T16:24:56-07:00,1,13
style.css,130,css,6bd1d3a5,Yangyang Liu,2026-04-09,16:24:56,-07:00,2026-04-09T16:24:56-07:00,1,18
style.css,131,css,6bd1d3a5,Yangyang Liu,2026-04-09,16:24:56,-07:00,2026-04-09T16:24:56-07:00,1,19
style.css,132,css,95e9c9e0,Yangyang Liu,2026-04-17,14:17:08,-07:00,2026-04-17T14:17:08-07:00,1,69
style.css,133,css,6bd1d3a5,Yangyang Liu,2026-04-09,16:24:56,-07:00,2026-04-09T16:24:56-07:00,0,0
style.css,134,css,6bd1d3a5,Yangyang Liu,2026-04-09,16:24:56,-07:00,2026-04-09T16:24:56-07:00,0,0
style.css,135,css,6bd1d3a5,Yangyang Liu,2026-04-09,16:24:56,-07:00,2026-04-09T16:24:56-07:00,0,13
style.css,136,css,6bd1d3a5,Yangyang Liu,2026-04-09,16:24:56,-07:00,2026-04-09T16:24:56-07:00,1,14
style.css,137,css,6bd1d3a5,Yangyang Liu,2026-04-09,16:24:56,-07:00,2026-04-09T16:24:56-07:00,1,18
style.css,138,css,6bd1d3a5,Yangyang Liu,2026-04-09,16:24:56,-07:00,2026-04-09T16:24:56-07:00,0,0
style.css,139,css,6bd1d3a5,Yangyang Liu,2026-04-09,16:24:56,-07:00,2026-04-09T16:24:56-07:00,0,0
style.css,140,css,6bd1d3a5,Yangyang Liu,2026-04-09,16:24:56,-07:00,2026-04-09T16:24:56-07:00,0,15
style.css,141,css,6bd1d3a5,Yangyang Liu,2026-04-09,16:24:56,-07:00,2026-04-09T16:24:56-07:00,1,15
style.css,142,css,6bd1d3a5,Yangyang Liu,2026-04-09,16:24:56,-07:00,2026-04-09T16:24:56-07:00,1,17
style.css,143,css,6bd1d3a5,Yangyang Liu,2026-04-09,16:24:56,-07:00,2026-04-09T16:24:56-07:00,1,12
style.css,144,css,6bd1d3a5,Yangyang Liu,2026-04-09,16:24:56,-07:00,2026-04-09T16:24:56-07:00,0,0
style.css,145,css,6bd1d3a5,Yangyang Liu,2026-04-09,16:24:56,-07:00,2026-04-09T16:24:56-07:00,0,0
style.css,146,css,6bd1d3a5,Yangyang Liu,2026-04-09,16:24:56,-07:00,2026-04-09T16:24:56-07:00,0,19
style.css,147,css,6bd1d3a5,Yangyang Liu,2026-04-09,16:24:56,-07:00,2026-04-09T16:24:56-07:00,1,10
style.css,148,css,95e9c9e0,Yangyang Liu,2026-04-17,14:17:08,-07:00,2026-04-17T14:17:08-07:00,1,51
style.css,149,css,6bd1d3a5,Yangyang Liu,2026-04-09,16:24:56,-07:00,2026-04-09T16:24:56-07:00,0,0
style.css,150,css,6bd1d3a5,Yangyang Liu,2026-04-09,16:24:56,-07:00,2026-04-09T16:24:56-07:00,0,0
style.css,151,css,6bd1d3a5,Yangyang Liu,2026-04-09,16:24:56,-07:00,2026-04-09T16:24:56-07:00,0,18
style.css,152,css,6bd1d3a5,Yangyang Liu,2026-04-09,16:24:56,-07:00,2026-04-09T16:24:56-07:00,1,17
style.css,153,css,6bd1d3a5,Yangyang Liu,2026-04-09,16:24:56,-07:00,2026-04-09T16:24:56-07:00,1,18
style.css,154,css,95e9c9e0,Yangyang Liu,2026-04-17,14:17:08,-07:00,2026-04-17T14:17:08-07:00,1,64
style.css,155,css,95e9c9e0,Yangyang Liu,2026-04-17,14:17:08,-07:00,2026-04-17T14:17:08-07:00,1,62
style.css,156,css,6bd1d3a5,Yangyang Liu,2026-04-09,16:24:56,-07:00,2026-04-09T16:24:56-07:00,1,19
style.css,157,css,6bd1d3a5,Yangyang Liu,2026-04-09,16:24:56,-07:00,2026-04-09T16:24:56-07:00,0,0
style.css,158,css,6bd1d3a5,Yangyang Liu,2026-04-09,16:24:56,-07:00,2026-04-09T16:24:56-07:00,0,0
style.css,159,css,6bd1d3a5,Yangyang Liu,2026-04-09,16:24:56,-07:00,2026-04-09T16:24:56-07:00,0,18
style.css,160,css,6bd1d3a5,Yangyang Liu,2026-04-09,16:24:56,-07:00,2026-04-09T16:24:56-07:00,1,15
style.css,161,css,6bd1d3a5,Yangyang Liu,2026-04-09,16:24:56,-07:00,2026-04-09T16:24:56-07:00,0,0
style.css,162,css,6bd1d3a5,Yangyang Liu,2026-04-09,16:24:56,-07:00,2026-04-09T16:24:56-07:00,0,0
style.css,163,css,6bd1d3a5,Yangyang Liu,2026-04-09,16:24:56,-07:00,2026-04-09T16:24:56-07:00,0,25
style.css,164,css,6bd1d3a5,Yangyang Liu,2026-04-09,16:24:56,-07:00,2026-04-09T16:24:56-07:00,1,10
style.css,165,css,6bd1d3a5,Yangyang Liu,2026-04-09,16:24:56,-07:00,2026-04-09T16:24:56-07:00,1,27
style.css,166,css,6bd1d3a5,Yangyang Liu,2026-04-09,16:24:56,-07:00,2026-04-09T16:24:56-07:00,1,18
style.css,167,css,6bd1d3a5,Yangyang Liu,2026-04-09,16:24:56,-07:00,2026-04-09T16:24:56-07:00,1,6
style.css,168,css,6bd1d3a5,Yangyang Liu,2026-04-09,16:24:56,-07:00,2026-04-09T16:24:56-07:00,1,12
style.css,169,css,6bd1d3a5,Yangyang Liu,2026-04-09,16:24:56,-07:00,2026-04-09T16:24:56-07:00,1,19
style.css,170,css,6bd1d3a5,Yangyang Liu,2026-04-09,16:24:56,-07:00,2026-04-09T16:24:56-07:00,0,0
style.css,171,css,6bd1d3a5,Yangyang Liu,2026-04-09,16:24:56,-07:00,2026-04-09T16:24:56-07:00,0,0
style.css,172,css,6bd1d3a5,Yangyang Liu,2026-04-09,16:24:56,-07:00,2026-04-09T16:24:56-07:00,0,27
style.css,173,css,6bd1d3a5,Yangyang Liu,2026-04-09,16:24:56,-07:00,2026-04-09T16:24:56-07:00,1,6
style.css,174,css,95e9c9e0,Yangyang Liu,2026-04-17,14:17:08,-07:00,2026-04-17T14:17:08-07:00,1,51
style.css,175,css,6bd1d3a5,Yangyang Liu,2026-04-09,16:24:56,-07:00,2026-04-09T16:24:56-07:00,1,15
style.css,176,css,6bd1d3a5,Yangyang Liu,2026-04-09,16:24:56,-07:00,2026-04-09T16:24:56-07:00,1,16
style.css,177,css,6bd1d3a5,Yangyang Liu,2026-04-09,16:24:56,-07:00,2026-04-09T16:24:56-07:00,0,0
style.css,178,css,6bd1d3a5,Yangyang Liu,2026-04-09,16:24:56,-07:00,2026-04-09T16:24:56-07:00,0,0
style.css,179,css,6bd1d3a5,Yangyang Liu,2026-04-09,16:24:56,-07:00,2026-04-09T16:24:56-07:00,0,20
style.css,180,css,6bd1d3a5,Yangyang Liu,2026-04-09,16:24:56,-07:00,2026-04-09T16:24:56-07:00,1,15
style.css,181,css,6bd1d3a5,Yangyang Liu,2026-04-09,16:24:56,-07:00,2026-04-09T16:24:56-07:00,0,0
style.css,182,css,6bd1d3a5,Yangyang Liu,2026-04-09,16:24:56,-07:00,2026-04-09T16:24:56-07:00,0,0
style.css,183,css,6bd1d3a5,Yangyang Liu,2026-04-09,16:24:56,-07:00,2026-04-09T16:24:56-07:00,0,13
style.css,184,css,6bd1d3a5,Yangyang Liu,2026-04-09,16:24:56,-07:00,2026-04-09T16:24:56-07:00,1,15
style.css,185,css,6bd1d3a5,Yangyang Liu,2026-04-09,16:24:56,-07:00,2026-04-09T16:24:56-07:00,1,18
style.css,186,css,6bd1d3a5,Yangyang Liu,2026-04-09,16:24:56,-07:00,2026-04-09T16:24:56-07:00,0,0
style.css,187,css,6bd1d3a5,Yangyang Liu,2026-04-09,16:24:56,-07:00,2026-04-09T16:24:56-07:00,0,0
style.css,188,css,6bd1d3a5,Yangyang Liu,2026-04-09,16:24:56,-07:00,2026-04-09T16:24:56-07:00,0,13
style.css,189,css,6bd1d3a5,Yangyang Liu,2026-04-09,16:24:56,-07:00,2026-04-09T16:24:56-07:00,1,19
style.css,190,css,6bd1d3a5,Yangyang Liu,2026-04-09,16:24:56,-07:00,2026-04-09T16:24:56-07:00,0,0
style.css,191,css,6bd1d3a5,Yangyang Liu,2026-04-09,16:24:56,-07:00,2026-04-09T16:24:56-07:00,0,0
style.css,192,css,6bd1d3a5,Yangyang Liu,2026-04-09,16:24:56,-07:00,2026-04-09T16:24:56-07:00,0,14
style.css,193,css,6bd1d3a5,Yangyang Liu,2026-04-09,16:24:56,-07:00,2026-04-09T16:24:56-07:00,1,23
style.css,194,css,6bd1d3a5,Yangyang Liu,2026-04-09,16:24:56,-07:00,2026-04-09T16:24:56-07:00,0,0
style.css,195,css,6bd1d3a5,Yangyang Liu,2026-04-09,16:24:56,-07:00,2026-04-09T16:24:56-07:00,0,0
style.css,196,css,6bd1d3a5,Yangyang Liu,2026-04-09,16:24:56,-07:00,2026-04-09T16:24:56-07:00,0,18
style.css,197,css,6bd1d3a5,Yangyang Liu,2026-04-09,16:24:56,-07:00,2026-04-09T16:24:56-07:00,1,27
style.css,198,css,6bd1d3a5,Yangyang Liu,2026-04-09,16:24:56,-07:00,2026-04-09T16:24:56-07:00,0,0
style.css,199,css,6bd1d3a5,Yangyang Liu,2026-04-09,16:24:56,-07:00,2026-04-09T16:24:56-07:00,0,0
style.css,200,css,6bd1d3a5,Yangyang Liu,2026-04-09,16:24:56,-07:00,2026-04-09T16:24:56-07:00,0,32
style.css,201,css,95e9c9e0,Yangyang Liu,2026-04-17,14:17:08,-07:00,2026-04-17T14:17:08-07:00,1,64
style.css,202,css,6bd1d3a5,Yangyang Liu,2026-04-09,16:24:56,-07:00,2026-04-09T16:24:56-07:00,1,42
style.css,203,css,6bd1d3a5,Yangyang Liu,2026-04-09,16:24:56,-07:00,2026-04-09T16:24:56-07:00,0,0
style.css,204,css,6bd1d3a5,Yangyang Liu,2026-04-09,16:24:56,-07:00,2026-04-09T16:24:56-07:00,0,0
style.css,205,css,6bd1d3a5,Yangyang Liu,2026-04-09,16:24:56,-07:00,2026-04-09T16:24:56-07:00,0,23
style.css,206,css,6bd1d3a5,Yangyang Liu,2026-04-09,16:24:56,-07:00,2026-04-09T16:24:56-07:00,1,25
style.css,207,css,6bd1d3a5,Yangyang Liu,2026-04-09,16:24:56,-07:00,2026-04-09T16:24:56-07:00,2,19
style.css,208,css,6bd1d3a5,Yangyang Liu,2026-04-09,16:24:56,-07:00,2026-04-09T16:24:56-07:00,2,20
style.css,209,css,6bd1d3a5,Yangyang Liu,2026-04-09,16:24:56,-07:00,2026-04-09T16:24:56-07:00,1,0
style.css,210,css,6bd1d3a5,Yangyang Liu,2026-04-09,16:24:56,-07:00,2026-04-09T16:24:56-07:00,0,0
style.css,211,css,6bd1d3a5,Yangyang Liu,2026-04-09,16:24:56,-07:00,2026-04-09T16:24:56-07:00,1,15
style.css,212,css,6bd1d3a5,Yangyang Liu,2026-04-09,16:24:56,-07:00,2026-04-09T16:24:56-07:00,2,14
style.css,213,css,6bd1d3a5,Yangyang Liu,2026-04-09,16:24:56,-07:00,2026-04-09T16:24:56-07:00,1,0
style.css,214,css,6bd1d3a5,Yangyang Liu,2026-04-09,16:24:56,-07:00,2026-04-09T16:24:56-07:00,0,0
style.css,215,css,bb3d1fef,Yangyang Liu,2026-04-17,14:10:29,-07:00,2026-04-17T14:10:29-07:00,0,0
style.css,216,css,bb3d1fef,Yangyang Liu,2026-04-17,14:10:29,-07:00,2026-04-17T14:10:29-07:00,0,11
style.css,217,css,bb3d1fef,Yangyang Liu,2026-04-17,14:10:29,-07:00,2026-04-17T14:10:29-07:00,1,15
style.css,218,css,95e9c9e0,Yangyang Liu,2026-04-17,14:17:08,-07:00,2026-04-17T14:17:08-07:00,1,8
style.css,219,css,bb3d1fef,Yangyang Liu,2026-04-17,14:10:29,-07:00,2026-04-17T14:10:29-07:00,1,8
style.css,220,css,bb3d1fef,Yangyang Liu,2026-04-17,14:10:29,-07:00,2026-04-17T14:10:29-07:00,1,11
style.css,221,css,95e9c9e0,Yangyang Liu,2026-04-17,14:17:08,-07:00,2026-04-17T14:17:08-07:00,1,15
style.css,222,css,95e9c9e0,Yangyang Liu,2026-04-17,14:17:08,-07:00,2026-04-17T14:17:08-07:00,1,14
style.css,223,css,95e9c9e0,Yangyang Liu,2026-04-17,14:17:08,-07:00,2026-04-17T14:17:08-07:00,1,20
style.css,224,css,95e9c9e0,Yangyang Liu,2026-04-17,14:17:08,-07:00,2026-04-17T14:17:08-07:00,1,18
style.css,225,css,bb3d1fef,Yangyang Liu,2026-04-17,14:10:29,-07:00,2026-04-17T14:10:29-07:00,0,0
style.css,226,css,bb3d1fef,Yangyang Liu,2026-04-17,14:10:29,-07:00,2026-04-17T14:10:29-07:00,0,0
style.css,227,css,bb3d1fef,Yangyang Liu,2026-04-17,14:10:29,-07:00,2026-04-17T14:10:29-07:00,0,2
style.css,228,css,bb3d1fef,Yangyang Liu,2026-04-17,14:10:29,-07:00,2026-04-17T14:10:29-07:00,0,5
style.css,229,css,bb3d1fef,Yangyang Liu,2026-04-17,14:10:29,-07:00,2026-04-17T14:10:29-07:00,0,3
style.css,230,css,bb3d1fef,Yangyang Liu,2026-04-17,14:10:29,-07:00,2026-04-17T14:10:29-07:00,0,4
style.css,231,css,bb3d1fef,Yangyang Liu,2026-04-17,14:10:29,-07:00,2026-04-17T14:10:29-07:00,0,10
style.css,232,css,bb3d1fef,Yangyang Liu,2026-04-17,14:10:29,-07:00,2026-04-17T14:10:29-07:00,0,0
style.css,233,css,34d85bdb,Yangyang Liu,2026-04-24,11:04:42,-07:00,2026-04-24T11:04:42-07:00,0,0
style.css,234,css,34d85bdb,Yangyang Liu,2026-04-24,11:04:42,-07:00,2026-04-24T11:04:42-07:00,0,12
style.css,235,css,34d85bdb,Yangyang Liu,2026-04-24,11:04:42,-07:00,2026-04-24T11:04:42-07:00,1,13
style.css,236,css,34d85bdb,Yangyang Liu,2026-04-24,11:04:42,-07:00,2026-04-24T11:04:42-07:00,1,17
style.css,237,css,34d85bdb,Yangyang Liu,2026-04-24,11:04:42,-07:00,2026-04-24T11:04:42-07:00,1,64
style.css,238,css,34d85bdb,Yangyang Liu,2026-04-24,11:04:42,-07:00,2026-04-24T11:04:42-07:00,1,62
style.css,239,css,34d85bdb,Yangyang Liu,2026-04-24,11:04:42,-07:00,2026-04-24T11:04:42-07:00,1,18
style.css,240,css,34d85bdb,Yangyang Liu,2026-04-24,11:04:42,-07:00,2026-04-24T11:04:42-07:00,1,16
style.css,241,css,34d85bdb,Yangyang Liu,2026-04-24,11:04:42,-07:00,2026-04-24T11:04:42-07:00,0,0
style.css,242,css,34d85bdb,Yangyang Liu,2026-04-24,11:04:42,-07:00,2026-04-24T11:04:42-07:00,0,0
style.css,243,css,34d85bdb,Yangyang Liu,2026-04-24,11:04:42,-07:00,2026-04-24T11:04:42-07:00,0,15
style.css,244,css,34d85bdb,Yangyang Liu,2026-04-24,11:04:42,-07:00,2026-04-24T11:04:42-07:00,1,16
style.css,245,css,34d85bdb,Yangyang Liu,2026-04-24,11:04:42,-07:00,2026-04-24T11:04:42-07:00,1,14
style.css,246,css,34d85bdb,Yangyang Liu,2026-04-24,11:04:42,-07:00,2026-04-24T11:04:42-07:00,1,13
style.css,247,css,34d85bdb,Yangyang Liu,2026-04-24,11:04:42,-07:00,2026-04-24T11:04:42-07:00,1,14
style.css,248,css,34d85bdb,Yangyang Liu,2026-04-24,11:04:42,-07:00,2026-04-24T11:04:42-07:00,0,0
style.css,249,css,34d85bdb,Yangyang Liu,2026-04-24,11:04:42,-07:00,2026-04-24T11:04:42-07:00,0,0
style.css,250,css,34d85bdb,Yangyang Liu,2026-04-24,11:04:42,-07:00,2026-04-24T11:04:42-07:00,0,4
style.css,251,css,34d85bdb,Yangyang Liu,2026-04-24,11:04:42,-07:00,2026-04-24T11:04:42-07:00,1,10
style.css,252,css,34d85bdb,Yangyang Liu,2026-04-24,11:04:42,-07:00,2026-04-24T11:04:42-07:00,1,34
style.css,253,css,34d85bdb,Yangyang Liu,2026-04-24,11:04:42,-07:00,2026-04-24T11:04:42-07:00,1,6
style.css,254,css,34d85bdb,Yangyang Liu,2026-04-24,11:04:42,-07:00,2026-04-24T11:04:42-07:00,0,0
style.css,255,css,34d85bdb,Yangyang Liu,2026-04-24,11:04:42,-07:00,2026-04-24T11:04:42-07:00,0,0
style.css,256,css,34d85bdb,Yangyang Liu,2026-04-24,11:04:42,-07:00,2026-04-24T11:04:42-07:00,0,8
style.css,257,css,34d85bdb,Yangyang Liu,2026-04-24,11:04:42,-07:00,2026-04-24T11:04:42-07:00,1,10
style.css,258,css,34d85bdb,Yangyang Liu,2026-04-24,11:04:42,-07:00,2026-04-24T11:04:42-07:00,1,19
style.css,259,css,34d85bdb,Yangyang Liu,2026-04-24,11:04:42,-07:00,2026-04-24T11:04:42-07:00,1,20
style.css,260,css,34d85bdb,Yangyang Liu,2026-04-24,11:04:42,-07:00,2026-04-24T11:04:42-07:00,0,0
style.css,261,css,34d85bdb,Yangyang Liu,2026-04-24,11:04:42,-07:00,2026-04-24T11:04:42-07:00,0,0
style.css,262,css,34d85bdb,Yangyang Liu,2026-04-24,11:04:42,-07:00,2026-04-24T11:04:42-07:00,0,7
style.css,263,css,34d85bdb,Yangyang Liu,2026-04-24,11:04:42,-07:00,2026-04-24T11:04:42-07:00,1,15
style.css,264,css,34d85bdb,Yangyang Liu,2026-04-24,11:04:42,-07:00,2026-04-24T11:04:42-07:00,1,51
style.css,265,css,34d85bdb,Yangyang Liu,2026-04-24,11:04:42,-07:00,2026-04-24T11:04:42-07:00,1,22
style.css,266,css,34d85bdb,Yangyang Liu,2026-04-24,11:04:42,-07:00,2026-04-24T11:04:42-07:00,1,19
style.css,267,css,34d85bdb,Yangyang Liu,2026-04-24,11:04:42,-07:00,2026-04-24T11:04:42-07:00,1,19
style.css,268,css,34d85bdb,Yangyang Liu,2026-04-24,11:04:42,-07:00,2026-04-24T11:04:42-07:00,0,0
style.css,269,css,34d85bdb,Yangyang Liu,2026-04-24,11:04:42,-07:00,2026-04-24T11:04:42-07:00,0,0
style.css,270,css,34d85bdb,Yangyang Liu,2026-04-24,11:04:42,-07:00,2026-04-24T11:04:42-07:00,0,7
style.css,271,css,34d85bdb,Yangyang Liu,2026-04-24,11:04:42,-07:00,2026-04-24T11:04:42-07:00,1,12
style.css,272,css,34d85bdb,Yangyang Liu,2026-04-24,11:04:42,-07:00,2026-04-24T11:04:42-07:00,1,13
style.css,273,css,34d85bdb,Yangyang Liu,2026-04-24,11:04:42,-07:00,2026-04-24T11:04:42-07:00,1,6
style.css,274,css,34d85bdb,Yangyang Liu,2026-04-24,11:04:42,-07:00,2026-04-24T11:04:42-07:00,1,14
style.css,275,css,93ab6139,Yangyang Liu,2026-04-30,19:26:52,-07:00,2026-04-30T19:26:52-07:00,0,0
style.css,276,css,93ab6139,Yangyang Liu,2026-04-30,19:26:52,-07:00,2026-04-30T19:26:52-07:00,0,0
style.css,277,css,93ab6139,Yangyang Liu,2026-04-30,19:26:52,-07:00,2026-04-30T19:26:52-07:00,0,11
style.css,278,css,93ab6139,Yangyang Liu,2026-04-30,19:26:52,-07:00,2026-04-30T19:26:52-07:00,1,28
style.css,279,css,93ab6139,Yangyang Liu,2026-04-30,19:26:52,-07:00,2026-04-30T19:26:52-07:00,1,32
style.css,280,css,93ab6139,Yangyang Liu,2026-04-30,19:26:52,-07:00,2026-04-30T19:26:52-07:00,1,51
style.css,281,css,93ab6139,Yangyang Liu,2026-04-30,19:26:52,-07:00,2026-04-30T19:26:52-07:00,1,16
style.css,282,css,93ab6139,Yangyang Liu,2026-04-30,19:26:52,-07:00,2026-04-30T19:26:52-07:00,0,0
style.css,283,css,93ab6139,Yangyang Liu,2026-04-30,19:26:52,-07:00,2026-04-30T19:26:52-07:00,0,0
style.css,284,css,93ab6139,Yangyang Liu,2026-04-30,19:26:52,-07:00,2026-04-30T19:26:52-07:00,0,0
style.css,285,css,93ab6139,Yangyang Liu,2026-04-30,19:26:52,-07:00,2026-04-30T19:26:52-07:00,0,12
style.css,286,css,93ab6139,Yangyang Liu,2026-04-30,19:26:52,-07:00,2026-04-30T19:26:52-07:00,1,12
style.css,287,css,93ab6139,Yangyang Liu,2026-04-30,19:26:52,-07:00,2026-04-30T19:26:52-07:00,1,14
style.css,288,css,93ab6139,Yangyang Liu,2026-04-30,19:26:52,-07:00,2026-04-30T19:26:52-07:00,1,14
style.css,289,css,2d80eebe,Yangyang Liu,2026-04-30,20:50:36,-07:00,2026-04-30T20:50:36-07:00,1,30
style.css,290,css,2d80eebe,Yangyang Liu,2026-04-30,20:50:36,-07:00,2026-04-30T20:50:36-07:00,1,8
style.css,291,css,2d80eebe,Yangyang Liu,2026-04-30,20:50:36,-07:00,2026-04-30T20:50:36-07:00,1,11
style.css,292,css,2d80eebe,Yangyang Liu,2026-04-30,20:50:36,-07:00,2026-04-30T20:50:36-07:00,0,0
style.css,293,css,2d80eebe,Yangyang Liu,2026-04-30,20:50:36,-07:00,2026-04-30T20:50:36-07:00,0,0
style.css,294,css,2d80eebe,Yangyang Liu,2026-04-30,20:50:36,-07:00,2026-04-30T20:50:36-07:00,0,0
style.css,295,css,2d80eebe,Yangyang Liu,2026-04-30,20:50:36,-07:00,2026-04-30T20:50:36-07:00,0,5
style.css,296,css,2d80eebe,Yangyang Liu,2026-04-30,20:50:36,-07:00,2026-04-30T20:50:36-07:00,1,10
style.css,297,css,2d80eebe,Yangyang Liu,2026-04-30,20:50:36,-07:00,2026-04-30T20:50:36-07:00,1,55
style.css,298,css,2d80eebe,Yangyang Liu,2026-04-30,20:50:36,-07:00,2026-04-30T20:50:36-07:00,1,6
style.css,299,css,2d80eebe,Yangyang Liu,2026-04-30,20:50:36,-07:00,2026-04-30T20:50:36-07:00,1,10
style.css,300,css,2d80eebe,Yangyang Liu,2026-04-30,20:50:36,-07:00,2026-04-30T20:50:36-07:00,1,17
style.css,301,css,2d80eebe,Yangyang Liu,2026-04-30,20:50:36,-07:00,2026-04-30T20:50:36-07:00,1,62
style.css,302,css,2d80eebe,Yangyang Liu,2026-04-30,20:50:36,-07:00,2026-04-30T20:50:36-07:00,1,19
style.css,303,css,2d80eebe,Yangyang Liu,2026-04-30,20:50:36,-07:00,2026-04-30T20:50:36-07:00,1,13
style.css,304,css,2d80eebe,Yangyang Liu,2026-04-30,20:50:36,-07:00,2026-04-30T20:50:36-07:00,1,4
style.css,305,css,2d80eebe,Yangyang Liu,2026-04-30,20:50:36,-07:00,2026-04-30T20:50:36-07:00,1,18
style.css,306,css,2d80eebe,Yangyang Liu,2026-04-30,20:50:36,-07:00,2026-04-30T20:50:36-07:00,1,9
style.css,307,css,2d80eebe,Yangyang Liu,2026-04-30,20:50:36,-07:00,2026-04-30T20:50:36-07:00,0,0
style.css,308,css,2d80eebe,Yangyang Liu,2026-04-30,20:50:36,-07:00,2026-04-30T20:50:36-07:00,1,0
style.css,309,css,2d80eebe,Yangyang Liu,2026-04-30,20:50:36,-07:00,2026-04-30T20:50:36-07:00,2,10
style.css,310,css,2d80eebe,Yangyang Liu,2026-04-30,20:50:36,-07:00,2026-04-30T20:50:36-07:00,2,16
style.css,311,css,2d80eebe,Yangyang Liu,2026-04-30,20:50:36,-07:00,2026-04-30T20:50:36-07:00,2,8
style.css,312,css,2d80eebe,Yangyang Liu,2026-04-30,20:50:36,-07:00,2026-04-30T20:50:36-07:00,1,0
style.css,313,css,2d80eebe,Yangyang Liu,2026-04-30,20:50:36,-07:00,2026-04-30T20:50:36-07:00,0,0
style.css,314,css,2d80eebe,Yangyang Liu,2026-04-30,20:50:36,-07:00,2026-04-30T20:50:36-07:00,0,0
style.css,315,css,2d80eebe,Yangyang Liu,2026-04-30,20:50:36,-07:00,2026-04-30T20:50:36-07:00,0,10
style.css,316,css,2d80eebe,Yangyang Liu,2026-04-30,20:50:36,-07:00,2026-04-30T20:50:36-07:00,1,10
style.css,317,css,2d80eebe,Yangyang Liu,2026-04-30,20:50:36,-07:00,2026-04-30T20:50:36-07:00,1,16
style.css,318,css,2d80eebe,Yangyang Liu,2026-04-30,20:50:36,-07:00,2026-04-30T20:50:36-07:00,1,8
style.css,319,css,2d80eebe,Yangyang Liu,2026-04-30,20:50:36,-07:00,2026-04-30T20:50:36-07:00,0,0
style.css,320,css,2d80eebe,Yangyang Liu,2026-04-30,20:50:36,-07:00,2026-04-30T20:50:36-07:00,0,0
style.css,321,css,2d80eebe,Yangyang Liu,2026-04-30,20:50:36,-07:00,2026-04-30T20:50:36-07:00,0,5
style.css,322,css,2d80eebe,Yangyang Liu,2026-04-30,20:50:36,-07:00,2026-04-30T20:50:36-07:00,1,18
style.css,323,css,2d80eebe,Yangyang Liu,2026-04-30,20:50:36,-07:00,2026-04-30T20:50:36-07:00,1,7
style.css,324,css,2d80eebe,Yangyang Liu,2026-04-30,20:50:36,-07:00,2026-04-30T20:50:36-07:00,1,16
style.css,325,css,2d80eebe,Yangyang Liu,2026-04-30,20:50:36,-07:00,2026-04-30T20:50:36-07:00,1,21
style.css,326,css,2d80eebe,Yangyang Liu,2026-04-30,20:50:36,-07:00,2026-04-30T20:50:36-07:00,1,15
style.css,327,css,2d80eebe,Yangyang Liu,2026-04-30,20:50:36,-07:00,2026-04-30T20:50:36-07:00,0,0
style.css,328,css,2d80eebe,Yangyang Liu,2026-04-30,20:50:36,-07:00,2026-04-30T20:50:36-07:00,0,0
style.css,329,css,2d80eebe,Yangyang Liu,2026-04-30,20:50:36,-07:00,2026-04-30T20:50:36-07:00,0,14
style.css,330,css,2d80eebe,Yangyang Liu,2026-04-30,20:50:36,-07:00,2026-04-30T20:50:36-07:00,1,10
style.css,331,css,2d80eebe,Yangyang Liu,2026-04-30,20:50:36,-07:00,2026-04-30T20:50:36-07:00,1,16
style.css,332,css,2d80eebe,Yangyang Liu,2026-04-30,20:50:36,-07:00,2026-04-30T20:50:36-07:00,1,27
style.css,333,css,2d80eebe,Yangyang Liu,2026-04-30,20:50:36,-07:00,2026-04-30T20:50:36-07:00,1,15
style.css,334,css,2d80eebe,Yangyang Liu,2026-04-30,20:50:36,-07:00,2026-04-30T20:50:36-07:00,1,12
style.css,335,css,2d80eebe,Yangyang Liu,2026-04-30,20:50:36,-07:00,2026-04-30T20:50:36-07:00,1,20
style.css,336,css,79e9fa2b,Yangyang Liu,2026-04-30,21:55:09,-07:00,2026-04-30T21:55:09-07:00,0,0
style.css,337,css,79e9fa2b,Yangyang Liu,2026-04-30,21:55:09,-07:00,2026-04-30T21:55:09-07:00,0,0
style.css,338,css,79e9fa2b,Yangyang Liu,2026-04-30,21:55:09,-07:00,2026-04-30T21:55:09-07:00,0,15
style.css,339,css,79e9fa2b,Yangyang Liu,2026-04-30,21:55:09,-07:00,2026-04-30T21:55:09-07:00,1,14
style.css,340,css,79e9fa2b,Yangyang Liu,2026-04-30,21:55:09,-07:00,2026-04-30T21:55:09-07:00,1,9
style.css,341,css,79e9fa2b,Yangyang Liu,2026-04-30,21:55:09,-07:00,2026-04-30T21:55:09-07:00,1,0
style.css,342,css,79e9fa2b,Yangyang Liu,2026-04-30,21:55:09,-07:00,2026-04-30T21:55:09-07:00,0,0
style.css,343,css,79e9fa2b,Yangyang Liu,2026-04-30,21:55:09,-07:00,2026-04-30T21:55:09-07:00,0,0
style.css,344,css,79e9fa2b,Yangyang Liu,2026-04-30,21:55:09,-07:00,2026-04-30T21:55:09-07:00,0,2
style.css,345,css,79e9fa2b,Yangyang Liu,2026-04-30,21:55:09,-07:00,2026-04-30T21:55:09-07:00,1,14
style.css,346,css,79e9fa2b,Yangyang Liu,2026-04-30,21:55:09,-07:00,2026-04-30T21:55:09-07:00,0,0
style.css,347,css,79e9fa2b,Yangyang Liu,2026-04-30,21:55:09,-07:00,2026-04-30T21:55:09-07:00,0,0
style.css,348,css,79e9fa2b,Yangyang Liu,2026-04-30,21:55:09,-07:00,2026-04-30T21:55:09-07:00,0,7
style.css,349,css,79e9fa2b,Yangyang Liu,2026-04-30,21:55:09,-07:00,2026-04-30T21:55:09-07:00,1,36
style.css,350,css,79e9fa2b,Yangyang Liu,2026-04-30,21:55:09,-07:00,2026-04-30T21:55:09-07:00,0,0
style.css,351,css,79e9fa2b,Yangyang Liu,2026-04-30,21:55:09,-07:00,2026-04-30T21:55:09-07:00,0,0
style.css,352,css,79e9fa2b,Yangyang Liu,2026-04-30,21:55:09,-07:00,2026-04-30T21:55:09-07:00,0,16
style.css,353,css,79e9fa2b,Yangyang Liu,2026-04-30,21:55:09,-07:00,2026-04-30T21:55:09-07:00,1,15
style.css,354,css,79e9fa2b,Yangyang Liu,2026-04-30,21:55:09,-07:00,2026-04-30T21:55:09-07:00,0,0
style.css,355,css,79e9fa2b,Yangyang Liu,2026-04-30,21:55:09,-07:00,2026-04-30T21:55:09-07:00,0,0
style.css,356,css,79e9fa2b,Yangyang Liu,2026-04-30,21:55:09,-07:00,2026-04-30T21:55:09-07:00,0,19
style.css,357,css,79e9fa2b,Yangyang Liu,2026-04-30,21:55:09,-07:00,2026-04-30T21:55:09-07:00,1,14
style.css,358,css,79e9fa2b,Yangyang Liu,2026-04-30,21:55:09,-07:00,2026-04-30T21:55:09-07:00,0,0
style.css,359,css,79e9fa2b,Yangyang Liu,2026-04-30,21:55:09,-07:00,2026-04-30T21:55:09-07:00,0,0
style.css,360,css,79e9fa2b,Yangyang Liu,2026-04-30,21:55:09,-07:00,2026-04-30T21:55:09-07:00,0,17
style.css,361,css,79e9fa2b,Yangyang Liu,2026-04-30,21:55:09,-07:00,2026-04-30T21:55:09-07:00,1,12
style.css,362,css,79e9fa2b,Yangyang Liu,2026-04-30,21:55:09,-07:00,2026-04-30T21:55:09-07:00,1,14
style.css,363,css,34d85bdb,Yangyang Liu,2026-04-24,11:04:42,-07:00,2026-04-24T11:04:42-07:00,0,0
index.js,1,js,34d85bdb,Yangyang Liu,2026-04-24,11:04:42,-07:00,2026-04-24T11:04:42-07:00,0,68
index.js,2,js,ca15620a,Yangyang Liu,2026-04-24,10:48:50,-07:00,2026-04-24T10:48:50-07:00,0,0
index.js,3,js,ca15620a,Yangyang Liu,2026-04-24,10:48:50,-07:00,2026-04-24T10:48:50-07:00,0,52
index.js,4,js,ca15620a,Yangyang Liu,2026-04-24,10:48:50,-07:00,2026-04-24T10:48:50-07:00,0,40
index.js,5,js,ca15620a,Yangyang Liu,2026-04-24,10:48:50,-07:00,2026-04-24T10:48:50-07:00,0,0
index.js,6,js,ca15620a,Yangyang Liu,2026-04-24,10:48:50,-07:00,2026-04-24T10:48:50-07:00,0,58
index.js,7,js,ca15620a,Yangyang Liu,2026-04-24,10:48:50,-07:00,2026-04-24T10:48:50-07:00,0,0
index.js,8,js,34d85bdb,Yangyang Liu,2026-04-24,11:04:42,-07:00,2026-04-24T11:04:42-07:00,0,52
index.js,9,js,34d85bdb,Yangyang Liu,2026-04-24,11:04:42,-07:00,2026-04-24T11:04:42-07:00,0,0
index.js,10,js,34d85bdb,Yangyang Liu,2026-04-24,11:04:42,-07:00,2026-04-24T11:04:42-07:00,0,47
index.js,11,js,34d85bdb,Yangyang Liu,2026-04-24,11:04:42,-07:00,2026-04-24T11:04:42-07:00,0,0
index.js,12,js,34d85bdb,Yangyang Liu,2026-04-24,11:04:42,-07:00,2026-04-24T11:04:42-07:00,0,58
index.js,13,js,34d85bdb,Yangyang Liu,2026-04-24,11:04:42,-07:00,2026-04-24T11:04:42-07:00,0,0
index.js,14,js,34d85bdb,Yangyang Liu,2026-04-24,11:04:42,-07:00,2026-04-24T11:04:42-07:00,0,15
index.js,15,js,34d85bdb,Yangyang Liu,2026-04-24,11:04:42,-07:00,2026-04-24T11:04:42-07:00,1,22
index.js,16,js,34d85bdb,Yangyang Liu,2026-04-24,11:04:42,-07:00,2026-04-24T11:04:42-07:00,2,20
index.js,17,js,34d85bdb,Yangyang Liu,2026-04-24,11:04:42,-07:00,2026-04-24T11:04:42-07:00,2,14
index.js,18,js,34d85bdb,Yangyang Liu,2026-04-24,11:04:42,-07:00,2026-04-24T11:04:42-07:00,3,1
index.js,19,js,34d85bdb,Yangyang Liu,2026-04-24,11:04:42,-07:00,2026-04-24T11:04:42-07:00,3,14
index.js,20,js,34d85bdb,Yangyang Liu,2026-04-24,11:04:42,-07:00,2026-04-24T11:04:42-07:00,3,28
index.js,21,js,34d85bdb,Yangyang Liu,2026-04-24,11:04:42,-07:00,2026-04-24T11:04:42-07:00,3,2
index.js,22,js,34d85bdb,Yangyang Liu,2026-04-24,11:04:42,-07:00,2026-04-24T11:04:42-07:00,3,1
index.js,23,js,34d85bdb,Yangyang Liu,2026-04-24,11:04:42,-07:00,2026-04-24T11:04:42-07:00,3,14
index.js,24,js,34d85bdb,Yangyang Liu,2026-04-24,11:04:42,-07:00,2026-04-24T11:04:42-07:00,3,28
index.js,25,js,34d85bdb,Yangyang Liu,2026-04-24,11:04:42,-07:00,2026-04-24T11:04:42-07:00,3,2
index.js,26,js,34d85bdb,Yangyang Liu,2026-04-24,11:04:42,-07:00,2026-04-24T11:04:42-07:00,3,1
index.js,27,js,34d85bdb,Yangyang Liu,2026-04-24,11:04:42,-07:00,2026-04-24T11:04:42-07:00,3,17
index.js,28,js,34d85bdb,Yangyang Liu,2026-04-24,11:04:42,-07:00,2026-04-24T11:04:42-07:00,3,31
index.js,29,js,34d85bdb,Yangyang Liu,2026-04-24,11:04:42,-07:00,2026-04-24T11:04:42-07:00,3,2
index.js,30,js,34d85bdb,Yangyang Liu,2026-04-24,11:04:42,-07:00,2026-04-24T11:04:42-07:00,3,1
index.js,31,js,34d85bdb,Yangyang Liu,2026-04-24,11:04:42,-07:00,2026-04-24T11:04:42-07:00,3,17
index.js,32,js,34d85bdb,Yangyang Liu,2026-04-24,11:04:42,-07:00,2026-04-24T11:04:42-07:00,3,31
index.js,33,js,34d85bdb,Yangyang Liu,2026-04-24,11:04:42,-07:00,2026-04-24T11:04:42-07:00,3,2
index.js,34,js,34d85bdb,Yangyang Liu,2026-04-24,11:04:42,-07:00,2026-04-24T11:04:42-07:00,2,1
index.js,35,js,34d85bdb,Yangyang Liu,2026-04-24,11:04:42,-07:00,2026-04-24T11:04:42-07:00,2,0
index.js,36,js,34d85bdb,Yangyang Liu,2026-04-24,11:04:42,-07:00,2026-04-24T11:04:42-07:00,0,0
index.html,1,html,f54ad115,Yangyang Liu,2026-04-01,16:11:51,-07:00,2026-04-01T16:11:51-07:00,0,11
index.html,2,html,f54ad115,Yangyang Liu,2026-04-01,16:11:51,-07:00,2026-04-01T16:11:51-07:00,0,12
index.html,3,html,6c487bd4,Yangyang Liu,2026-05-06,00:06:45,-07:00,2026-05-06T00:06:45-07:00,0,2
index.html,4,html,6c487bd4,Yangyang Liu,2026-05-06,00:06:45,-07:00,2026-05-06T00:06:45-07:00,1,20
index.html,5,html,6c487bd4,Yangyang Liu,2026-05-06,00:06:45,-07:00,2026-05-06T00:06:45-07:00,1,68
index.html,6,html,f54ad115,Yangyang Liu,2026-04-01,16:11:51,-07:00,2026-04-01T16:11:51-07:00,1,52
index.html,7,html,6c487bd4,Yangyang Liu,2026-05-06,00:06:45,-07:00,2026-05-06T00:06:45-07:00,1,38
index.html,8,html,f8df305f,Yangyang Liu,2026-04-17,11:05:14,-07:00,2026-04-17T11:05:14-07:00,1,43
index.html,9,html,ca15620a,Yangyang Liu,2026-04-24,10:48:50,-07:00,2026-04-24T10:48:50-07:00,1,48
index.html,10,html,6c487bd4,Yangyang Liu,2026-05-06,00:06:45,-07:00,2026-05-06T00:06:45-07:00,0,3
index.html,11,html,6c487bd4,Yangyang Liu,2026-05-06,00:06:45,-07:00,2026-05-06T00:06:45-07:00,0,2
index.html,12,html,953c9a0d,Yangyang Liu,2026-04-17,13:44:44,-07:00,2026-04-17T13:44:44-07:00,1,6
index.html,13,html,40bdcf89,Yangyang Liu,2026-04-01,16:50:28,-07:00,2026-04-01T16:50:28-07:00,2,0
index.html,14,html,508a9e69,Yangyang Liu,2026-04-17,11:13:43,-07:00,2026-04-17T11:13:43-07:00,3,25
index.html,15,html,3942f4a3,Yangyang Liu,2026-04-02,17:25:54,-07:00,2026-04-02T17:25:54-07:00,3,47
index.html,16,html,3942f4a3,Yangyang Liu,2026-04-02,17:25:54,-07:00,2026-04-02T17:25:54-07:00,3,45
index.html,17,html,3942f4a3,Yangyang Liu,2026-04-02,17:25:54,-07:00,2026-04-02T17:25:54-07:00,3,68
index.html,18,html,c9c622c8,Yangyang Liu,2026-04-02,18:10:17,-07:00,2026-04-02T18:10:17-07:00,3,43
index.html,19,html,40bdcf89,Yangyang Liu,2026-04-01,16:50:28,-07:00,2026-04-01T16:50:28-07:00,2,1
index.html,20,html,953c9a0d,Yangyang Liu,2026-04-17,13:44:44,-07:00,2026-04-17T13:44:44-07:00,1,6
index.html,21,html,f54ad115,Yangyang Liu,2026-04-01,16:11:51,-07:00,2026-04-01T16:11:51-07:00,1,17
index.html,22,html,56c140e3,Yangyang Liu,2026-04-01,16:20:42,-07:00,2026-04-01T16:20:42-07:00,1,65
index.html,23,html,6c487bd4,Yangyang Liu,2026-05-06,00:06:45,-07:00,2026-05-06T00:06:45-07:00,1,0
index.html,24,html,6c487bd4,Yangyang Liu,2026-05-06,00:06:45,-07:00,2026-05-06T00:06:45-07:00,1,62
index.html,25,html,6c487bd4,Yangyang Liu,2026-05-06,00:06:45,-07:00,2026-05-06T00:06:45-07:00,1,67
index.html,26,html,6c487bd4,Yangyang Liu,2026-05-06,00:06:45,-07:00,2026-05-06T00:06:45-07:00,1,49
index.html,27,html,6c487bd4,Yangyang Liu,2026-05-06,00:06:45,-07:00,2026-05-06T00:06:45-07:00,1,0
index.html,28,html,6c487bd4,Yangyang Liu,2026-05-06,00:06:45,-07:00,2026-05-06T00:06:45-07:00,1,0
index.html,29,html,6c487bd4,Yangyang Liu,2026-05-06,00:06:45,-07:00,2026-05-06T00:06:45-07:00,1,4
index.html,30,html,6c487bd4,Yangyang Liu,2026-05-06,00:06:45,-07:00,2026-05-06T00:06:45-07:00,1,20
index.html,31,html,6c487bd4,Yangyang Liu,2026-05-06,00:06:45,-07:00,2026-05-06T00:06:45-07:00,1,36
index.html,32,html,6c487bd4,Yangyang Liu,2026-05-06,00:06:45,-07:00,2026-05-06T00:06:45-07:00,1,0
index.html,33,html,6c487bd4,Yangyang Liu,2026-05-06,00:06:45,-07:00,2026-05-06T00:06:45-07:00,0,0
index.html,34,html,ca15620a,Yangyang Liu,2026-04-24,10:48:50,-07:00,2026-04-24T10:48:50-07:00,1,20
index.html,35,html,ca15620a,Yangyang Liu,2026-04-24,10:48:50,-07:00,2026-04-24T10:48:50-07:00,1,18
index.html,36,html,6c487bd4,Yangyang Liu,2026-05-06,00:06:45,-07:00,2026-05-06T00:06:45-07:00,1,47
index.html,37,html,ca15620a,Yangyang Liu,2026-04-24,10:48:50,-07:00,2026-04-24T10:48:50-07:00,1,2
index.html,38,html,6c487bd4,Yangyang Liu,2026-05-06,00:06:45,-07:00,2026-05-06T00:06:45-07:00,1,26
index.html,39,html,6c487bd4,Yangyang Liu,2026-05-06,00:06:45,-07:00,2026-05-06T00:06:45-07:00,0,3
index.html,40,html,6c487bd4,Yangyang Liu,2026-05-06,00:06:45,-07:00,2026-05-06T00:06:45-07:00,0,3
global.js,1,js,f8df305f,Yangyang Liu,2026-04-17,11:05:14,-07:00,2026-04-17T11:05:14-07:00,0,23
global.js,2,js,f8df305f,Yangyang Liu,2026-04-17,11:05:14,-07:00,2026-04-17T11:05:14-07:00,0,0
global.js,3,js,f8df305f,Yangyang Liu,2026-04-17,11:05:14,-07:00,2026-04-17T11:05:14-07:00,0,39
global.js,4,js,f8df305f,Yangyang Liu,2026-04-17,11:05:14,-07:00,2026-04-17T11:05:14-07:00,0,50
global.js,5,js,508a9e69,Yangyang Liu,2026-04-17,11:13:43,-07:00,2026-04-17T11:13:43-07:00,0,0
global.js,6,js,508a9e69,Yangyang Liu,2026-04-17,11:13:43,-07:00,2026-04-17T11:13:43-07:00,0,0
global.js,7,js,953c9a0d,Yangyang Liu,2026-04-17,13:44:44,-07:00,2026-04-17T13:44:44-07:00,0,26
global.js,8,js,508a9e69,Yangyang Liu,2026-04-17,11:13:43,-07:00,2026-04-17T11:13:43-07:00,0,0
global.js,9,js,953c9a0d,Yangyang Liu,2026-04-17,13:44:44,-07:00,2026-04-17T13:44:44-07:00,0,31
global.js,10,js,953c9a0d,Yangyang Liu,2026-04-17,13:44:44,-07:00,2026-04-17T13:44:44-07:00,0,71
global.js,11,js,953c9a0d,Yangyang Liu,2026-04-17,13:44:44,-07:00,2026-04-17T13:44:44-07:00,0,1
global.js,12,js,508a9e69,Yangyang Liu,2026-04-17,11:13:43,-07:00,2026-04-17T11:13:43-07:00,0,0
global.js,13,js,953c9a0d,Yangyang Liu,2026-04-17,13:44:44,-07:00,2026-04-17T13:44:44-07:00,0,37
global.js,14,js,953c9a0d,Yangyang Liu,2026-04-17,13:44:44,-07:00,2026-04-17T13:44:44-07:00,0,0
global.js,15,js,953c9a0d,Yangyang Liu,2026-04-17,13:44:44,-07:00,2026-04-17T13:44:44-07:00,0,0
global.js,16,js,953c9a0d,Yangyang Liu,2026-04-17,13:44:44,-07:00,2026-04-17T13:44:44-07:00,0,9
global.js,17,js,953c9a0d,Yangyang Liu,2026-04-17,13:44:44,-07:00,2026-04-17T13:44:44-07:00,1,23
global.js,18,js,953c9a0d,Yangyang Liu,2026-04-17,13:44:44,-07:00,2026-04-17T13:44:44-07:00,1,36
global.js,19,js,953c9a0d,Yangyang Liu,2026-04-17,13:44:44,-07:00,2026-04-17T13:44:44-07:00,1,32
global.js,20,js,6c487bd4,Yangyang Liu,2026-05-06,00:06:45,-07:00,2026-05-06T00:06:45-07:00,1,34
global.js,21,js,6c487bd4,Yangyang Liu,2026-05-06,00:06:45,-07:00,2026-05-06T00:06:45-07:00,1,28
global.js,22,js,6c487bd4,Yangyang Liu,2026-05-06,00:06:45,-07:00,2026-05-06T00:06:45-07:00,1,51
global.js,23,js,953c9a0d,Yangyang Liu,2026-04-17,13:44:44,-07:00,2026-04-17T13:44:44-07:00,0,0
global.js,24,js,953c9a0d,Yangyang Liu,2026-04-17,13:44:44,-07:00,2026-04-17T13:44:44-07:00,0,0
global.js,25,js,953c9a0d,Yangyang Liu,2026-04-17,13:44:44,-07:00,2026-04-17T13:44:44-07:00,0,36
global.js,26,js,953c9a0d,Yangyang Liu,2026-04-17,13:44:44,-07:00,2026-04-17T13:44:44-07:00,0,23
global.js,27,js,953c9a0d,Yangyang Liu,2026-04-17,13:44:44,-07:00,2026-04-17T13:44:44-07:00,0,0
global.js,28,js,953c9a0d,Yangyang Liu,2026-04-17,13:44:44,-07:00,2026-04-17T13:44:44-07:00,0,86
global.js,29,js,953c9a0d,Yangyang Liu,2026-04-17,13:44:44,-07:00,2026-04-17T13:44:44-07:00,0,34
global.js,30,js,953c9a0d,Yangyang Liu,2026-04-17,13:44:44,-07:00,2026-04-17T13:44:44-07:00,0,53
global.js,31,js,953c9a0d,Yangyang Liu,2026-04-17,13:44:44,-07:00,2026-04-17T13:44:44-07:00,0,0
global.js,32,js,953c9a0d,Yangyang Liu,2026-04-17,13:44:44,-07:00,2026-04-17T13:44:44-07:00,0,0
global.js,33,js,953c9a0d,Yangyang Liu,2026-04-17,13:44:44,-07:00,2026-04-17T13:44:44-07:00,0,18
global.js,34,js,953c9a0d,Yangyang Liu,2026-04-17,13:44:44,-07:00,2026-04-17T13:44:44-07:00,1,12
global.js,35,js,953c9a0d,Yangyang Liu,2026-04-17,13:44:44,-07:00,2026-04-17T13:44:44-07:00,1,16
global.js,36,js,953c9a0d,Yangyang Liu,2026-04-17,13:44:44,-07:00,2026-04-17T13:44:44-07:00,1,39
global.js,37,js,953c9a0d,Yangyang Liu,2026-04-17,13:44:44,-07:00,2026-04-17T13:44:44-07:00,1,50
global.js,38,js,953c9a0d,Yangyang Liu,2026-04-17,13:44:44,-07:00,2026-04-17T13:44:44-07:00,1,32
global.js,39,js,953c9a0d,Yangyang Liu,2026-04-17,13:44:44,-07:00,2026-04-17T13:44:44-07:00,1,9
global.js,40,js,953c9a0d,Yangyang Liu,2026-04-17,13:44:44,-07:00,2026-04-17T13:44:44-07:00,1,18
global.js,41,js,953c9a0d,Yangyang Liu,2026-04-17,13:44:44,-07:00,2026-04-17T13:44:44-07:00,0,0
global.js,42,js,953c9a0d,Yangyang Liu,2026-04-17,13:44:44,-07:00,2026-04-17T13:44:44-07:00,1,15
global.js,43,js,953c9a0d,Yangyang Liu,2026-04-17,13:44:44,-07:00,2026-04-17T13:44:44-07:00,2,6
global.js,44,js,953c9a0d,Yangyang Liu,2026-04-17,13:44:44,-07:00,2026-04-17T13:44:44-07:00,2,57
global.js,45,js,953c9a0d,Yangyang Liu,2026-04-17,13:44:44,-07:00,2026-04-17T13:44:44-07:00,1,0
global.js,46,js,953c9a0d,Yangyang Liu,2026-04-17,13:44:44,-07:00,2026-04-17T13:44:44-07:00,0,0
global.js,47,js,953c9a0d,Yangyang Liu,2026-04-17,13:44:44,-07:00,2026-04-17T13:44:44-07:00,1,27
global.js,48,js,953c9a0d,Yangyang Liu,2026-04-17,13:44:44,-07:00,2026-04-17T13:44:44-07:00,2,16
global.js,49,js,953c9a0d,Yangyang Liu,2026-04-17,13:44:44,-07:00,2026-04-17T13:44:44-07:00,1,0
global.js,50,js,953c9a0d,Yangyang Liu,2026-04-17,13:44:44,-07:00,2026-04-17T13:44:44-07:00,0,0
global.js,51,js,953c9a0d,Yangyang Liu,2026-04-17,13:44:44,-07:00,2026-04-17T13:44:44-07:00,1,10
global.js,52,js,bb3d1fef,Yangyang Liu,2026-04-17,14:10:29,-07:00,2026-04-17T14:10:29-07:00,0,0
global.js,53,js,bb3d1fef,Yangyang Liu,2026-04-17,14:10:29,-07:00,2026-04-17T14:10:29-07:00,0,0
global.js,54,js,bb3d1fef,Yangyang Liu,2026-04-17,14:10:29,-07:00,2026-04-17T14:10:29-07:00,0,0
global.js,55,js,bb3d1fef,Yangyang Liu,2026-04-17,14:10:29,-07:00,2026-04-17T14:10:29-07:00,0,29
global.js,56,js,bb3d1fef,Yangyang Liu,2026-04-17,14:10:29,-07:00,2026-04-17T14:10:29-07:00,1,9
global.js,57,js,bb3d1fef,Yangyang Liu,2026-04-17,14:10:29,-07:00,2026-04-17T14:10:29-07:00,1,0
global.js,58,js,bb3d1fef,Yangyang Liu,2026-04-17,14:10:29,-07:00,2026-04-17T14:10:29-07:00,1,24
global.js,59,js,bb3d1fef,Yangyang Liu,2026-04-17,14:10:29,-07:00,2026-04-17T14:10:29-07:00,2,2
global.js,60,js,bb3d1fef,Yangyang Liu,2026-04-17,14:10:29,-07:00,2026-04-17T14:10:29-07:00,2,4
global.js,61,js,bb3d1fef,Yangyang Liu,2026-04-17,14:10:29,-07:00,2026-04-17T14:10:29-07:00,2,41
global.js,62,js,bb3d1fef,Yangyang Liu,2026-04-17,14:10:29,-07:00,2026-04-17T14:10:29-07:00,2,32
global.js,63,js,bb3d1fef,Yangyang Liu,2026-04-17,14:10:29,-07:00,2026-04-17T14:10:29-07:00,2,30
global.js,64,js,bb3d1fef,Yangyang Liu,2026-04-17,14:10:29,-07:00,2026-04-17T14:10:29-07:00,2,5
global.js,65,js,bb3d1fef,Yangyang Liu,2026-04-17,14:10:29,-07:00,2026-04-17T14:10:29-07:00,1,4
global.js,66,js,bb3d1fef,Yangyang Liu,2026-04-17,14:10:29,-07:00,2026-04-17T14:10:29-07:00,1,0
global.js,67,js,bb3d1fef,Yangyang Liu,2026-04-17,14:10:29,-07:00,2026-04-17T14:10:29-07:00,0,0
global.js,68,js,bb3d1fef,Yangyang Liu,2026-04-17,14:10:29,-07:00,2026-04-17T14:10:29-07:00,0,0
global.js,69,js,bb3d1fef,Yangyang Liu,2026-04-17,14:10:29,-07:00,2026-04-17T14:10:29-07:00,0,56
global.js,70,js,bb3d1fef,Yangyang Liu,2026-04-17,14:10:29,-07:00,2026-04-17T14:10:29-07:00,0,0
global.js,71,js,bb3d1fef,Yangyang Liu,2026-04-17,14:10:29,-07:00,2026-04-17T14:10:29-07:00,0,47
global.js,72,js,bb3d1fef,Yangyang Liu,2026-04-17,14:10:29,-07:00,2026-04-17T14:10:29-07:00,0,55
global.js,73,js,bb3d1fef,Yangyang Liu,2026-04-17,14:10:29,-07:00,2026-04-17T14:10:29-07:00,0,75
global.js,74,js,bb3d1fef,Yangyang Liu,2026-04-17,14:10:29,-07:00,2026-04-17T14:10:29-07:00,0,41
global.js,75,js,bb3d1fef,Yangyang Liu,2026-04-17,14:10:29,-07:00,2026-04-17T14:10:29-07:00,0,0
global.js,76,js,bb3d1fef,Yangyang Liu,2026-04-17,14:10:29,-07:00,2026-04-17T14:10:29-07:00,0,0
global.js,77,js,bb3d1fef,Yangyang Liu,2026-04-17,14:10:29,-07:00,2026-04-17T14:10:29-07:00,0,32
global.js,78,js,bb3d1fef,Yangyang Liu,2026-04-17,14:10:29,-07:00,2026-04-17T14:10:29-07:00,1,81
global.js,79,js,bb3d1fef,Yangyang Liu,2026-04-17,14:10:29,-07:00,2026-04-17T14:10:29-07:00,1,36
global.js,80,js,bb3d1fef,Yangyang Liu,2026-04-17,14:10:29,-07:00,2026-04-17T14:10:29-07:00,0,0
global.js,81,js,bb3d1fef,Yangyang Liu,2026-04-17,14:10:29,-07:00,2026-04-17T14:10:29-07:00,0,0
global.js,82,js,bb3d1fef,Yangyang Liu,2026-04-17,14:10:29,-07:00,2026-04-17T14:10:29-07:00,0,0
global.js,83,js,70fd34ad,Yangyang Liu,2026-04-23,21:55:29,-07:00,2026-04-23T21:55:29-07:00,0,0
global.js,84,js,70fd34ad,Yangyang Liu,2026-04-23,21:55:29,-07:00,2026-04-23T21:55:29-07:00,0,34
global.js,85,js,70fd34ad,Yangyang Liu,2026-04-23,21:55:29,-07:00,2026-04-23T21:55:29-07:00,1,1
global.js,86,js,70fd34ad,Yangyang Liu,2026-04-23,21:55:29,-07:00,2026-04-23T21:55:29-07:00,2,37
global.js,87,js,70fd34ad,Yangyang Liu,2026-04-23,21:55:29,-07:00,2026-04-23T21:55:29-07:00,2,30
global.js,88,js,70fd34ad,Yangyang Liu,2026-04-23,21:55:29,-07:00,2026-04-23T21:55:29-07:00,0,0
global.js,89,js,70fd34ad,Yangyang Liu,2026-04-23,21:55:29,-07:00,2026-04-23T21:55:29-07:00,2,17
global.js,90,js,70fd34ad,Yangyang Liu,2026-04-23,21:55:29,-07:00,2026-04-23T21:55:29-07:00,0,0
global.js,91,js,70fd34ad,Yangyang Liu,2026-04-23,21:55:29,-07:00,2026-04-23T21:55:29-07:00,2,15
global.js,92,js,70fd34ad,Yangyang Liu,2026-04-23,21:55:29,-07:00,2026-04-23T21:55:29-07:00,3,64
global.js,93,js,70fd34ad,Yangyang Liu,2026-04-23,21:55:29,-07:00,2026-04-23T21:55:29-07:00,2,0
global.js,94,js,70fd34ad,Yangyang Liu,2026-04-23,21:55:29,-07:00,2026-04-23T21:55:29-07:00,0,0
global.js,95,js,70fd34ad,Yangyang Liu,2026-04-23,21:55:29,-07:00,2026-04-23T21:55:29-07:00,2,31
global.js,96,js,70fd34ad,Yangyang Liu,2026-04-23,21:55:29,-07:00,2026-04-23T21:55:29-07:00,2,8
global.js,97,js,70fd34ad,Yangyang Liu,2026-04-23,21:55:29,-07:00,2026-04-23T21:55:29-07:00,0,0
global.js,98,js,70fd34ad,Yangyang Liu,2026-04-23,21:55:29,-07:00,2026-04-23T21:55:29-07:00,1,13
global.js,99,js,70fd34ad,Yangyang Liu,2026-04-23,21:55:29,-07:00,2026-04-23T21:55:29-07:00,2,57
global.js,100,js,70fd34ad,Yangyang Liu,2026-04-23,21:55:29,-07:00,2026-04-23T21:55:29-07:00,1,0
global.js,101,js,70fd34ad,Yangyang Liu,2026-04-23,21:55:29,-07:00,2026-04-23T21:55:29-07:00,0,0
global.js,102,js,70fd34ad,Yangyang Liu,2026-04-23,21:55:29,-07:00,2026-04-23T21:55:29-07:00,0,0
global.js,103,js,70fd34ad,Yangyang Liu,2026-04-23,21:55:29,-07:00,2026-04-23T21:55:29-07:00,0,0
global.js,104,js,70fd34ad,Yangyang Liu,2026-04-23,21:55:29,-07:00,2026-04-23T21:55:29-07:00,0,77
global.js,105,js,70fd34ad,Yangyang Liu,2026-04-23,21:55:29,-07:00,2026-04-23T21:55:29-07:00,1,20
global.js,106,js,70fd34ad,Yangyang Liu,2026-04-23,21:55:29,-07:00,2026-04-23T21:55:29-07:00,1,54
global.js,107,js,70fd34ad,Yangyang Liu,2026-04-23,21:55:29,-07:00,2026-04-23T21:55:29-07:00,1,3
global.js,108,js,70fd34ad,Yangyang Liu,2026-04-23,21:55:29,-07:00,2026-04-23T21:55:29-07:00,1,0
global.js,109,js,70fd34ad,Yangyang Liu,2026-04-23,21:55:29,-07:00,2026-04-23T21:55:29-07:00,0,0
global.js,110,js,70fd34ad,Yangyang Liu,2026-04-23,21:55:29,-07:00,2026-04-23T21:55:29-07:00,1,27
global.js,111,js,70fd34ad,Yangyang Liu,2026-04-23,21:55:29,-07:00,2026-04-23T21:55:29-07:00,1,54
global.js,112,js,70fd34ad,Yangyang Liu,2026-04-23,21:55:29,-07:00,2026-04-23T21:55:29-07:00,1,3
global.js,113,js,70fd34ad,Yangyang Liu,2026-04-23,21:55:29,-07:00,2026-04-23T21:55:29-07:00,1,0
global.js,114,js,70fd34ad,Yangyang Liu,2026-04-23,21:55:29,-07:00,2026-04-23T21:55:29-07:00,0,0
global.js,115,js,70fd34ad,Yangyang Liu,2026-04-23,21:55:29,-07:00,2026-04-23T21:55:29-07:00,1,50
global.js,116,js,70fd34ad,Yangyang Liu,2026-04-23,21:55:29,-07:00,2026-04-23T21:55:29-07:00,1,40
global.js,117,js,70fd34ad,Yangyang Liu,2026-04-23,21:55:29,-07:00,2026-04-23T21:55:29-07:00,1,69
global.js,118,js,70fd34ad,Yangyang Liu,2026-04-23,21:55:29,-07:00,2026-04-23T21:55:29-07:00,1,16
global.js,119,js,70fd34ad,Yangyang Liu,2026-04-23,21:55:29,-07:00,2026-04-23T21:55:29-07:00,1,0
global.js,120,js,70fd34ad,Yangyang Liu,2026-04-23,21:55:29,-07:00,2026-04-23T21:55:29-07:00,0,0
global.js,121,js,70fd34ad,Yangyang Liu,2026-04-23,21:55:29,-07:00,2026-04-23T21:55:29-07:00,1,28
global.js,122,js,70fd34ad,Yangyang Liu,2026-04-23,21:55:29,-07:00,2026-04-23T21:55:29-07:00,0,0
global.js,123,js,70fd34ad,Yangyang Liu,2026-04-23,21:55:29,-07:00,2026-04-23T21:55:29-07:00,1,24
global.js,124,js,70fd34ad,Yangyang Liu,2026-04-23,21:55:29,-07:00,2026-04-23T21:55:29-07:00,1,57
global.js,125,js,70fd34ad,Yangyang Liu,2026-04-23,21:55:29,-07:00,2026-04-23T21:55:29-07:00,1,3
global.js,126,js,70fd34ad,Yangyang Liu,2026-04-23,21:55:29,-07:00,2026-04-23T21:55:29-07:00,1,0
global.js,127,js,70fd34ad,Yangyang Liu,2026-04-23,21:55:29,-07:00,2026-04-23T21:55:29-07:00,0,0
global.js,128,js,70fd34ad,Yangyang Liu,2026-04-23,21:55:29,-07:00,2026-04-23T21:55:29-07:00,1,27
global.js,129,js,70fd34ad,Yangyang Liu,2026-04-23,21:55:29,-07:00,2026-04-23T21:55:29-07:00,1,46
global.js,130,js,70fd34ad,Yangyang Liu,2026-04-23,21:55:29,-07:00,2026-04-23T21:55:29-07:00,0,0
global.js,131,js,70fd34ad,Yangyang Liu,2026-04-23,21:55:29,-07:00,2026-04-23T21:55:29-07:00,1,25
global.js,132,js,70fd34ad,Yangyang Liu,2026-04-23,21:55:29,-07:00,2026-04-23T21:55:29-07:00,1,46
global.js,133,js,70fd34ad,Yangyang Liu,2026-04-23,21:55:29,-07:00,2026-04-23T21:55:29-07:00,1,30
global.js,134,js,70fd34ad,Yangyang Liu,2026-04-23,21:55:29,-07:00,2026-04-23T21:55:29-07:00,1,67
global.js,135,js,70fd34ad,Yangyang Liu,2026-04-23,21:55:29,-07:00,2026-04-23T21:55:29-07:00,0,0
global.js,136,js,70fd34ad,Yangyang Liu,2026-04-23,21:55:29,-07:00,2026-04-23T21:55:29-07:00,1,17
global.js,137,js,70fd34ad,Yangyang Liu,2026-04-23,21:55:29,-07:00,2026-04-23T21:55:29-07:00,2,39
global.js,138,js,70fd34ad,Yangyang Liu,2026-04-23,21:55:29,-07:00,2026-04-23T21:55:29-07:00,2,49
global.js,139,js,93ab6139,Yangyang Liu,2026-04-30,19:26:52,-07:00,2026-04-30T19:26:52-07:00,2,1
global.js,140,js,93ab6139,Yangyang Liu,2026-04-30,19:26:52,-07:00,2026-04-30T19:26:52-07:00,3,49
global.js,141,js,93ab6139,Yangyang Liu,2026-04-30,19:26:52,-07:00,2026-04-30T19:26:52-07:00,3,17
global.js,142,js,93ab6139,Yangyang Liu,2026-04-30,19:26:52,-07:00,2026-04-30T19:26:52-07:00,3,0
global.js,143,js,93ab6139,Yangyang Liu,2026-04-30,19:26:52,-07:00,2026-04-30T19:26:52-07:00,2,2
global.js,144,js,93ab6139,Yangyang Liu,2026-04-30,19:26:52,-07:00,2026-04-30T19:26:52-07:00,2,0
global.js,145,js,70fd34ad,Yangyang Liu,2026-04-23,21:55:29,-07:00,2026-04-23T21:55:29-07:00,1,0
global.js,146,js,70fd34ad,Yangyang Liu,2026-04-23,21:55:29,-07:00,2026-04-23T21:55:29-07:00,0,0
global.js,147,js,70fd34ad,Yangyang Liu,2026-04-23,21:55:29,-07:00,2026-04-23T21:55:29-07:00,1,34
global.js,148,js,70fd34ad,Yangyang Liu,2026-04-23,21:55:29,-07:00,2026-04-23T21:55:29-07:00,1,0
global.js,149,js,ca15620a,Yangyang Liu,2026-04-24,10:48:50,-07:00,2026-04-24T10:48:50-07:00,0,0
global.js,150,js,34d85bdb,Yangyang Liu,2026-04-24,11:04:42,-07:00,2026-04-24T11:04:42-07:00,0,0
global.js,151,js,34d85bdb,Yangyang Liu,2026-04-24,11:04:42,-07:00,2026-04-24T11:04:42-07:00,0,0
global.js,152,js,34d85bdb,Yangyang Liu,2026-04-24,11:04:42,-07:00,2026-04-24T11:04:42-07:00,0,45
global.js,153,js,34d85bdb,Yangyang Liu,2026-04-24,11:04:42,-07:00,2026-04-24T11:04:42-07:00,1,57
global.js,154,js,34d85bdb,Yangyang Liu,2026-04-24,11:04:42,-07:00,2026-04-24T11:04:42-07:00,0,0
resume/index.html,1,html,c9c622c8,Yangyang Liu,2026-04-02,18:10:17,-07:00,2026-04-02T18:10:17-07:00,0,11
resume/index.html,2,html,c9c622c8,Yangyang Liu,2026-04-02,18:10:17,-07:00,2026-04-02T18:10:17-07:00,0,12
resume/index.html,3,html,6c487bd4,Yangyang Liu,2026-05-06,00:06:45,-07:00,2026-05-06T00:06:45-07:00,0,2
resume/index.html,4,html,6c487bd4,Yangyang Liu,2026-05-06,00:06:45,-07:00,2026-05-06T00:06:45-07:00,1,20
resume/index.html,5,html,6c487bd4,Yangyang Liu,2026-05-06,00:06:45,-07:00,2026-05-06T00:06:45-07:00,1,68
resume/index.html,6,html,c9c622c8,Yangyang Liu,2026-04-02,18:10:17,-07:00,2026-04-02T18:10:17-07:00,1,17
resume/index.html,7,html,6c487bd4,Yangyang Liu,2026-05-06,00:06:45,-07:00,2026-05-06T00:06:45-07:00,1,41
resume/index.html,8,html,f8df305f,Yangyang Liu,2026-04-17,11:05:14,-07:00,2026-04-17T11:05:14-07:00,1,46
resume/index.html,9,html,6c487bd4,Yangyang Liu,2026-05-06,00:06:45,-07:00,2026-05-06T00:06:45-07:00,0,3
resume/index.html,10,html,6c487bd4,Yangyang Liu,2026-05-06,00:06:45,-07:00,2026-05-06T00:06:45-07:00,0,22
resume/index.html,11,html,953c9a0d,Yangyang Liu,2026-04-17,13:44:44,-07:00,2026-04-17T13:44:44-07:00,1,6
resume/index.html,12,html,c9c622c8,Yangyang Liu,2026-04-02,18:10:17,-07:00,2026-04-02T18:10:17-07:00,2,0
resume/index.html,13,html,c9c622c8,Yangyang Liu,2026-04-02,18:10:17,-07:00,2026-04-02T18:10:17-07:00,3,37
resume/index.html,14,html,c9c622c8,Yangyang Liu,2026-04-02,18:10:17,-07:00,2026-04-02T18:10:17-07:00,3,50
resume/index.html,15,html,c9c622c8,Yangyang Liu,2026-04-02,18:10:17,-07:00,2026-04-02T18:10:17-07:00,3,48
resume/index.html,16,html,c9c622c8,Yangyang Liu,2026-04-02,18:10:17,-07:00,2026-04-02T18:10:17-07:00,3,52
resume/index.html,17,html,508a9e69,Yangyang Liu,2026-04-17,11:13:43,-07:00,2026-04-17T11:13:43-07:00,3,27
resume/index.html,18,html,c9c622c8,Yangyang Liu,2026-04-02,18:10:17,-07:00,2026-04-02T18:10:17-07:00,2,1
resume/index.html,19,html,953c9a0d,Yangyang Liu,2026-04-17,13:44:44,-07:00,2026-04-17T13:44:44-07:00,1,6
resume/index.html,20,html,c9c622c8,Yangyang Liu,2026-04-02,18:10:17,-07:00,2026-04-02T18:10:17-07:00,0,0
resume/index.html,21,html,c9c622c8,Yangyang Liu,2026-04-02,18:10:17,-07:00,2026-04-02T18:10:17-07:00,1,11
resume/index.html,22,html,c9c622c8,Yangyang Liu,2026-04-02,18:10:17,-07:00,2026-04-02T18:10:17-07:00,1,52
resume/index.html,23,html,4df206f9,Yangyang Liu,2026-04-09,16:13:01,-07:00,2026-04-09T16:13:01-07:00,1,17
resume/index.html,24,html,6c487bd4,Yangyang Liu,2026-05-06,00:06:45,-07:00,2026-05-06T00:06:45-07:00,1,0
resume/index.html,25,html,6c487bd4,Yangyang Liu,2026-05-06,00:06:45,-07:00,2026-05-06T00:06:45-07:00,1,27
resume/index.html,26,html,6c487bd4,Yangyang Liu,2026-05-06,00:06:45,-07:00,2026-05-06T00:06:45-07:00,1,58
resume/index.html,27,html,c9c622c8,Yangyang Liu,2026-04-02,18:10:17,-07:00,2026-04-02T18:10:17-07:00,1,0
resume/index.html,28,html,c9c622c8,Yangyang Liu,2026-04-02,18:10:17,-07:00,2026-04-02T18:10:17-07:00,0,0
resume/index.html,29,html,c9c622c8,Yangyang Liu,2026-04-02,18:10:17,-07:00,2026-04-02T18:10:17-07:00,1,5
resume/index.html,30,html,6c487bd4,Yangyang Liu,2026-05-06,00:06:45,-07:00,2026-05-06T00:06:45-07:00,1,0
resume/index.html,31,html,6c487bd4,Yangyang Liu,2026-05-06,00:06:45,-07:00,2026-05-06T00:06:45-07:00,2,57
resume/index.html,32,html,6c487bd4,Yangyang Liu,2026-05-06,00:06:45,-07:00,2026-05-06T00:06:45-07:00,2,67
resume/index.html,33,html,6c487bd4,Yangyang Liu,2026-05-06,00:06:45,-07:00,2026-05-06T00:06:45-07:00,2,38
resume/index.html,34,html,6c487bd4,Yangyang Liu,2026-05-06,00:06:45,-07:00,2026-05-06T00:06:45-07:00,1,0
resume/index.html,35,html,c9c622c8,Yangyang Liu,2026-04-02,18:10:17,-07:00,2026-04-02T18:10:17-07:00,1,6
resume/index.html,36,html,c9c622c8,Yangyang Liu,2026-04-02,18:10:17,-07:00,2026-04-02T18:10:17-07:00,0,0
resume/index.html,37,html,c9c622c8,Yangyang Liu,2026-04-02,18:10:17,-07:00,2026-04-02T18:10:17-07:00,1,5
resume/index.html,38,html,6c487bd4,Yangyang Liu,2026-05-06,00:06:45,-07:00,2026-05-06T00:06:45-07:00,1,14
resume/index.html,39,html,c9c622c8,Yangyang Liu,2026-04-02,18:10:17,-07:00,2026-04-02T18:10:17-07:00,0,0
resume/index.html,40,html,6c487bd4,Yangyang Liu,2026-05-06,00:06:45,-07:00,2026-05-06T00:06:45-07:00,1,5
resume/index.html,41,html,6c487bd4,Yangyang Liu,2026-05-06,00:06:45,-07:00,2026-05-06T00:06:45-07:00,2,4
resume/index.html,42,html,6c487bd4,Yangyang Liu,2026-05-06,00:06:45,-07:00,2026-05-06T00:06:45-07:00,2,51
resume/index.html,43,html,6c487bd4,Yangyang Liu,2026-05-06,00:06:45,-07:00,2026-05-06T00:06:45-07:00,2,0
resume/index.html,44,html,6c487bd4,Yangyang Liu,2026-05-06,00:06:45,-07:00,2026-05-06T00:06:45-07:00,3,31
resume/index.html,45,html,6c487bd4,Yangyang Liu,2026-05-06,00:06:45,-07:00,2026-05-06T00:06:45-07:00,3,29
resume/index.html,46,html,6c487bd4,Yangyang Liu,2026-05-06,00:06:45,-07:00,2026-05-06T00:06:45-07:00,2,0
resume/index.html,47,html,6c487bd4,Yangyang Liu,2026-05-06,00:06:45,-07:00,2026-05-06T00:06:45-07:00,2,5
resume/index.html,48,html,6c487bd4,Yangyang Liu,2026-05-06,00:06:45,-07:00,2026-05-06T00:06:45-07:00,2,0
resume/index.html,49,html,6c487bd4,Yangyang Liu,2026-05-06,00:06:45,-07:00,2026-05-06T00:06:45-07:00,2,66
resume/index.html,50,html,6c487bd4,Yangyang Liu,2026-05-06,00:06:45,-07:00,2026-05-06T00:06:45-07:00,2,0
resume/index.html,51,html,6c487bd4,Yangyang Liu,2026-05-06,00:06:45,-07:00,2026-05-06T00:06:45-07:00,1,6
resume/index.html,52,html,c9c622c8,Yangyang Liu,2026-04-02,18:10:17,-07:00,2026-04-02T18:10:17-07:00,1,6
resume/index.html,53,html,c9c622c8,Yangyang Liu,2026-04-02,18:10:17,-07:00,2026-04-02T18:10:17-07:00,0,0
resume/index.html,54,html,c9c622c8,Yangyang Liu,2026-04-02,18:10:17,-07:00,2026-04-02T18:10:17-07:00,1,15
resume/index.html,55,html,c9c622c8,Yangyang Liu,2026-04-02,18:10:17,-07:00,2026-04-02T18:10:17-07:00,1,5
resume/index.html,56,html,6c487bd4,Yangyang Liu,2026-05-06,00:06:45,-07:00,2026-05-06T00:06:45-07:00,1,15
resume/index.html,57,html,c9c622c8,Yangyang Liu,2026-04-02,18:10:17,-07:00,2026-04-02T18:10:17-07:00,0,0
resume/index.html,58,html,6c487bd4,Yangyang Liu,2026-05-06,00:06:45,-07:00,2026-05-06T00:06:45-07:00,1,5
resume/index.html,59,html,6c487bd4,Yangyang Liu,2026-05-06,00:06:45,-07:00,2026-05-06T00:06:45-07:00,2,4
resume/index.html,60,html,6c487bd4,Yangyang Liu,2026-05-06,00:06:45,-07:00,2026-05-06T00:06:45-07:00,2,41
resume/index.html,61,html,6c487bd4,Yangyang Liu,2026-05-06,00:06:45,-07:00,2026-05-06T00:06:45-07:00,2,0
resume/index.html,62,html,6c487bd4,Yangyang Liu,2026-05-06,00:06:45,-07:00,2026-05-06T00:06:45-07:00,3,38
resume/index.html,63,html,6c487bd4,Yangyang Liu,2026-05-06,00:06:45,-07:00,2026-05-06T00:06:45-07:00,3,36
resume/index.html,64,html,6c487bd4,Yangyang Liu,2026-05-06,00:06:45,-07:00,2026-05-06T00:06:45-07:00,2,0
resume/index.html,65,html,6c487bd4,Yangyang Liu,2026-05-06,00:06:45,-07:00,2026-05-06T00:06:45-07:00,2,5
resume/index.html,66,html,6c487bd4,Yangyang Liu,2026-05-06,00:06:45,-07:00,2026-05-06T00:06:45-07:00,2,0
resume/index.html,67,html,6c487bd4,Yangyang Liu,2026-05-06,00:06:45,-07:00,2026-05-06T00:06:45-07:00,2,54
resume/index.html,68,html,6c487bd4,Yangyang Liu,2026-05-06,00:06:45,-07:00,2026-05-06T00:06:45-07:00,2,46
resume/index.html,69,html,6c487bd4,Yangyang Liu,2026-05-06,00:06:45,-07:00,2026-05-06T00:06:45-07:00,2,34
resume/index.html,70,html,6c487bd4,Yangyang Liu,2026-05-06,00:06:45,-07:00,2026-05-06T00:06:45-07:00,2,1
resume/index.html,71,html,6c487bd4,Yangyang Liu,2026-05-06,00:06:45,-07:00,2026-05-06T00:06:45-07:00,1,6
resume/index.html,72,html,c9c622c8,Yangyang Liu,2026-04-02,18:10:17,-07:00,2026-04-02T18:10:17-07:00,0,0
resume/index.html,73,html,6c487bd4,Yangyang Liu,2026-05-06,00:06:45,-07:00,2026-05-06T00:06:45-07:00,1,5
resume/index.html,74,html,6c487bd4,Yangyang Liu,2026-05-06,00:06:45,-07:00,2026-05-06T00:06:45-07:00,2,4
resume/index.html,75,html,6c487bd4,Yangyang Liu,2026-05-06,00:06:45,-07:00,2026-05-06T00:06:45-07:00,2,27
resume/index.html,76,html,6c487bd4,Yangyang Liu,2026-05-06,00:06:45,-07:00,2026-05-06T00:06:45-07:00,2,46
resume/index.html,77,html,6c487bd4,Yangyang Liu,2026-05-06,00:06:45,-07:00,2026-05-06T00:06:45-07:00,2,5
resume/index.html,78,html,6c487bd4,Yangyang Liu,2026-05-06,00:06:45,-07:00,2026-05-06T00:06:45-07:00,2,0
resume/index.html,79,html,6c487bd4,Yangyang Liu,2026-05-06,00:06:45,-07:00,2026-05-06T00:06:45-07:00,2,43
resume/index.html,80,html,6c487bd4,Yangyang Liu,2026-05-06,00:06:45,-07:00,2026-05-06T00:06:45-07:00,2,36
resume/index.html,81,html,6c487bd4,Yangyang Liu,2026-05-06,00:06:45,-07:00,2026-05-06T00:06:45-07:00,2,1
resume/index.html,82,html,6c487bd4,Yangyang Liu,2026-05-06,00:06:45,-07:00,2026-05-06T00:06:45-07:00,1,6
resume/index.html,83,html,c9c622c8,Yangyang Liu,2026-04-02,18:10:17,-07:00,2026-04-02T18:10:17-07:00,1,6
resume/index.html,84,html,c9c622c8,Yangyang Liu,2026-04-02,18:10:17,-07:00,2026-04-02T18:10:17-07:00,0,0
resume/index.html,85,html,c9c622c8,Yangyang Liu,2026-04-02,18:10:17,-07:00,2026-04-02T18:10:17-07:00,1,13
resume/index.html,86,html,c9c622c8,Yangyang Liu,2026-04-02,18:10:17,-07:00,2026-04-02T18:10:17-07:00,1,5
resume/index.html,87,html,6c487bd4,Yangyang Liu,2026-05-06,00:06:45,-07:00,2026-05-06T00:06:45-07:00,1,13
resume/index.html,88,html,c9c622c8,Yangyang Liu,2026-04-02,18:10:17,-07:00,2026-04-02T18:10:17-07:00,0,0
resume/index.html,89,html,6c487bd4,Yangyang Liu,2026-05-06,00:06:45,-07:00,2026-05-06T00:06:45-07:00,1,5
resume/index.html,90,html,6c487bd4,Yangyang Liu,2026-05-06,00:06:45,-07:00,2026-05-06T00:06:45-07:00,2,14
resume/index.html,91,html,6c487bd4,Yangyang Liu,2026-05-06,00:06:45,-07:00,2026-05-06T00:06:45-07:00,2,0
resume/index.html,92,html,6c487bd4,Yangyang Liu,2026-05-06,00:06:45,-07:00,2026-05-06T00:06:45-07:00,2,46
resume/index.html,93,html,6c487bd4,Yangyang Liu,2026-05-06,00:06:45,-07:00,2026-05-06T00:06:45-07:00,2,46
resume/index.html,94,html,6c487bd4,Yangyang Liu,2026-05-06,00:06:45,-07:00,2026-05-06T00:06:45-07:00,2,0
resume/index.html,95,html,6c487bd4,Yangyang Liu,2026-05-06,00:06:45,-07:00,2026-05-06T00:06:45-07:00,1,6
resume/index.html,96,html,c9c622c8,Yangyang Liu,2026-04-02,18:10:17,-07:00,2026-04-02T18:10:17-07:00,0,0
resume/index.html,97,html,6c487bd4,Yangyang Liu,2026-05-06,00:06:45,-07:00,2026-05-06T00:06:45-07:00,1,5
resume/index.html,98,html,6c487bd4,Yangyang Liu,2026-05-06,00:06:45,-07:00,2026-05-06T00:06:45-07:00,2,21
resume/index.html,99,html,6c487bd4,Yangyang Liu,2026-05-06,00:06:45,-07:00,2026-05-06T00:06:45-07:00,2,42
resume/index.html,100,html,6c487bd4,Yangyang Liu,2026-05-06,00:06:45,-07:00,2026-05-06T00:06:45-07:00,1,6
resume/index.html,101,html,c9c622c8,Yangyang Liu,2026-04-02,18:10:17,-07:00,2026-04-02T18:10:17-07:00,1,6
resume/index.html,102,html,c9c622c8,Yangyang Liu,2026-04-02,18:10:17,-07:00,2026-04-02T18:10:17-07:00,0,0
resume/index.html,103,html,c9c622c8,Yangyang Liu,2026-04-02,18:10:17,-07:00,2026-04-02T18:10:17-07:00,1,11
resume/index.html,104,html,c9c622c8,Yangyang Liu,2026-04-02,18:10:17,-07:00,2026-04-02T18:10:17-07:00,1,5
resume/index.html,105,html,6c487bd4,Yangyang Liu,2026-05-06,00:06:45,-07:00,2026-05-06T00:06:45-07:00,1,11
resume/index.html,106,html,6c487bd4,Yangyang Liu,2026-05-06,00:06:45,-07:00,2026-05-06T00:06:45-07:00,1,0
resume/index.html,107,html,6c487bd4,Yangyang Liu,2026-05-06,00:06:45,-07:00,2026-05-06T00:06:45-07:00,2,26
resume/index.html,108,html,6c487bd4,Yangyang Liu,2026-05-06,00:06:45,-07:00,2026-05-06T00:06:45-07:00,2,22
resume/index.html,109,html,6c487bd4,Yangyang Liu,2026-05-06,00:06:45,-07:00,2026-05-06T00:06:45-07:00,2,17
resume/index.html,110,html,6c487bd4,Yangyang Liu,2026-05-06,00:06:45,-07:00,2026-05-06T00:06:45-07:00,2,27
resume/index.html,111,html,6c487bd4,Yangyang Liu,2026-05-06,00:06:45,-07:00,2026-05-06T00:06:45-07:00,1,1
resume/index.html,112,html,c9c622c8,Yangyang Liu,2026-04-02,18:10:17,-07:00,2026-04-02T18:10:17-07:00,1,6
resume/index.html,113,html,6c487bd4,Yangyang Liu,2026-05-06,00:06:45,-07:00,2026-05-06T00:06:45-07:00,0,3
resume/index.html,114,html,6c487bd4,Yangyang Liu,2026-05-06,00:06:45,-07:00,2026-05-06T00:06:45-07:00,0,3
projects/projects.js,1,js,70fd34ad,Yangyang Liu,2026-04-23,21:55:29,-07:00,2026-04-23T21:55:29-07:00,0,53
projects/projects.js,2,js,93ab6139,Yangyang Liu,2026-04-30,19:26:52,-07:00,2026-04-30T19:26:52-07:00,0,61
projects/projects.js,3,js,70fd34ad,Yangyang Liu,2026-04-23,21:55:29,-07:00,2026-04-23T21:55:29-07:00,0,0
projects/projects.js,4,js,70fd34ad,Yangyang Liu,2026-04-23,21:55:29,-07:00,2026-04-23T21:55:29-07:00,0,9
projects/projects.js,5,js,70fd34ad,Yangyang Liu,2026-04-23,21:55:29,-07:00,2026-04-23T21:55:29-07:00,0,53
projects/projects.js,6,js,70fd34ad,Yangyang Liu,2026-04-23,21:55:29,-07:00,2026-04-23T21:55:29-07:00,0,0
projects/projects.js,7,js,cf14d79b,Yangyang Liu,2026-04-30,20:56:40,-07:00,2026-04-30T20:56:40-07:00,0,24
projects/projects.js,8,js,cf14d79b,Yangyang Liu,2026-04-30,20:56:40,-07:00,2026-04-30T20:56:40-07:00,1,5
projects/projects.js,9,js,cf14d79b,Yangyang Liu,2026-04-30,20:56:40,-07:00,2026-04-30T20:56:40-07:00,1,12
projects/projects.js,10,js,cf14d79b,Yangyang Liu,2026-04-30,20:56:40,-07:00,2026-04-30T20:56:40-07:00,1,10
projects/projects.js,11,js,cf14d79b,Yangyang Liu,2026-04-30,20:56:40,-07:00,2026-04-30T20:56:40-07:00,0,0
projects/projects.js,12,js,cf14d79b,Yangyang Liu,2026-04-30,20:56:40,-07:00,2026-04-30T20:56:40-07:00,0,0
projects/projects.js,13,js,70fd34ad,Yangyang Liu,2026-04-23,21:55:29,-07:00,2026-04-23T21:55:29-07:00,0,11
projects/projects.js,14,js,70fd34ad,Yangyang Liu,2026-04-23,21:55:29,-07:00,2026-04-23T21:55:29-07:00,0,59
projects/projects.js,15,js,70fd34ad,Yangyang Liu,2026-04-23,21:55:29,-07:00,2026-04-23T21:55:29-07:00,0,55
projects/projects.js,16,js,70fd34ad,Yangyang Liu,2026-04-23,21:55:29,-07:00,2026-04-23T21:55:29-07:00,0,0
projects/projects.js,17,js,70fd34ad,Yangyang Liu,2026-04-23,21:55:29,-07:00,2026-04-23T21:55:29-07:00,0,14
projects/projects.js,18,js,70fd34ad,Yangyang Liu,2026-04-23,21:55:29,-07:00,2026-04-23T21:55:29-07:00,0,58
projects/projects.js,19,js,93ab6139,Yangyang Liu,2026-04-30,19:26:52,-07:00,2026-04-30T19:26:52-07:00,0,46
projects/projects.js,20,js,93ab6139,Yangyang Liu,2026-04-30,19:26:52,-07:00,2026-04-30T19:26:52-07:00,0,0
projects/projects.js,21,js,93ab6139,Yangyang Liu,2026-04-30,19:26:52,-07:00,2026-04-30T19:26:52-07:00,0,36
projects/projects.js,22,js,93ab6139,Yangyang Liu,2026-04-30,19:26:52,-07:00,2026-04-30T19:26:52-07:00,0,0
projects/projects.js,23,js,93ab6139,Yangyang Liu,2026-04-30,19:26:52,-07:00,2026-04-30T19:26:52-07:00,0,25
projects/projects.js,24,js,93ab6139,Yangyang Liu,2026-04-30,19:26:52,-07:00,2026-04-30T19:26:52-07:00,1,11
projects/projects.js,25,js,93ab6139,Yangyang Liu,2026-04-30,19:26:52,-07:00,2026-04-30T19:26:52-07:00,1,13
projects/projects.js,26,js,93ab6139,Yangyang Liu,2026-04-30,19:26:52,-07:00,2026-04-30T19:26:52-07:00,0,0
projects/projects.js,27,js,cf14d79b,Yangyang Liu,2026-04-30,20:56:40,-07:00,2026-04-30T20:56:40-07:00,0,42
projects/projects.js,28,js,cf14d79b,Yangyang Liu,2026-04-30,20:56:40,-07:00,2026-04-30T20:56:40-07:00,1,33
projects/projects.js,29,js,cf14d79b,Yangyang Liu,2026-04-30,20:56:40,-07:00,2026-04-30T20:56:40-07:00,0,0
projects/projects.js,30,js,2d80eebe,Yangyang Liu,2026-04-30,20:50:36,-07:00,2026-04-30T20:50:36-07:00,0,0
projects/projects.js,31,js,93ab6139,Yangyang Liu,2026-04-30,19:26:52,-07:00,2026-04-30T19:26:52-07:00,0,45
projects/projects.js,32,js,93ab6139,Yangyang Liu,2026-04-30,19:26:52,-07:00,2026-04-30T19:26:52-07:00,0,0
projects/projects.js,33,js,79e9fa2b,Yangyang Liu,2026-04-30,21:55:09,-07:00,2026-04-30T21:55:09-07:00,0,19
projects/projects.js,34,js,79e9fa2b,Yangyang Liu,2026-04-30,21:55:09,-07:00,2026-04-30T21:55:09-07:00,0,0
projects/projects.js,35,js,7f9d79bc,Yangyang Liu,2026-04-30,21:20:35,-07:00,2026-04-30T21:20:35-07:00,0,11
projects/projects.js,36,js,7f9d79bc,Yangyang Liu,2026-04-30,21:20:35,-07:00,2026-04-30T21:20:35-07:00,0,51
projects/projects.js,37,js,7f9d79bc,Yangyang Liu,2026-04-30,21:20:35,-07:00,2026-04-30T21:20:35-07:00,0,0
projects/projects.js,38,js,77dc9741,Yangyang Liu,2026-04-30,21:32:50,-07:00,2026-04-30T21:32:50-07:00,0,36
projects/projects.js,39,js,77dc9741,Yangyang Liu,2026-04-30,21:32:50,-07:00,2026-04-30T21:32:50-07:00,1,27
projects/projects.js,40,js,77dc9741,Yangyang Liu,2026-04-30,21:32:50,-07:00,2026-04-30T21:32:50-07:00,2,10
projects/projects.js,41,js,77dc9741,Yangyang Liu,2026-04-30,21:32:50,-07:00,2026-04-30T21:32:50-07:00,2,12
projects/projects.js,42,js,77dc9741,Yangyang Liu,2026-04-30,21:32:50,-07:00,2026-04-30T21:32:50-07:00,2,9
projects/projects.js,43,js,77dc9741,Yangyang Liu,2026-04-30,21:32:50,-07:00,2026-04-30T21:32:50-07:00,1,0
projects/projects.js,44,js,77dc9741,Yangyang Liu,2026-04-30,21:32:50,-07:00,2026-04-30T21:32:50-07:00,0,0
projects/projects.js,45,js,77dc9741,Yangyang Liu,2026-04-30,21:32:50,-07:00,2026-04-30T21:32:50-07:00,1,48
projects/projects.js,46,js,77dc9741,Yangyang Liu,2026-04-30,21:32:50,-07:00,2026-04-30T21:32:50-07:00,2,33
projects/projects.js,47,js,77dc9741,Yangyang Liu,2026-04-30,21:32:50,-07:00,2026-04-30T21:32:50-07:00,1,0
projects/projects.js,48,js,77dc9741,Yangyang Liu,2026-04-30,21:32:50,-07:00,2026-04-30T21:32:50-07:00,0,0
projects/projects.js,49,js,77dc9741,Yangyang Liu,2026-04-30,21:32:50,-07:00,2026-04-30T21:32:50-07:00,1,28
projects/projects.js,50,js,77dc9741,Yangyang Liu,2026-04-30,21:32:50,-07:00,2026-04-30T21:32:50-07:00,2,19
projects/projects.js,51,js,77dc9741,Yangyang Liu,2026-04-30,21:32:50,-07:00,2026-04-30T21:32:50-07:00,0,0
projects/projects.js,52,js,77dc9741,Yangyang Liu,2026-04-30,21:32:50,-07:00,2026-04-30T21:32:50-07:00,1,40
projects/projects.js,53,js,77dc9741,Yangyang Liu,2026-04-30,21:32:50,-07:00,2026-04-30T21:32:50-07:00,1,49
projects/projects.js,54,js,77dc9741,Yangyang Liu,2026-04-30,21:32:50,-07:00,2026-04-30T21:32:50-07:00,0,0
projects/projects.js,55,js,77dc9741,Yangyang Liu,2026-04-30,21:32:50,-07:00,2026-04-30T21:32:50-07:00,1,27
projects/projects.js,56,js,77dc9741,Yangyang Liu,2026-04-30,21:32:50,-07:00,2026-04-30T21:32:50-07:00,1,42
projects/projects.js,57,js,77dc9741,Yangyang Liu,2026-04-30,21:32:50,-07:00,2026-04-30T21:32:50-07:00,0,0
projects/projects.js,58,js,79e9fa2b,Yangyang Liu,2026-04-30,21:55:09,-07:00,2026-04-30T21:55:09-07:00,1,25
projects/projects.js,59,js,77dc9741,Yangyang Liu,2026-04-30,21:32:50,-07:00,2026-04-30T21:32:50-07:00,2,14
projects/projects.js,60,js,77dc9741,Yangyang Liu,2026-04-30,21:32:50,-07:00,2026-04-30T21:32:50-07:00,3,11
projects/projects.js,61,js,79e9fa2b,Yangyang Liu,2026-04-30,21:55:09,-07:00,2026-04-30T21:55:09-07:00,3,20
projects/projects.js,62,js,79e9fa2b,Yangyang Liu,2026-04-30,21:55:09,-07:00,2026-04-30T21:55:09-07:00,3,49
projects/projects.js,63,js,79e9fa2b,Yangyang Liu,2026-04-30,21:55:09,-07:00,2026-04-30T21:55:09-07:00,3,16
projects/projects.js,64,js,79e9fa2b,Yangyang Liu,2026-04-30,21:55:09,-07:00,2026-04-30T21:55:09-07:00,4,41
projects/projects.js,65,js,79e9fa2b,Yangyang Liu,2026-04-30,21:55:09,-07:00,2026-04-30T21:55:09-07:00,1,0
projects/projects.js,66,js,79e9fa2b,Yangyang Liu,2026-04-30,21:55:09,-07:00,2026-04-30T21:55:09-07:00,4,17
projects/projects.js,67,js,79e9fa2b,Yangyang Liu,2026-04-30,21:55:09,-07:00,2026-04-30T21:55:09-07:00,5,64
projects/projects.js,68,js,79e9fa2b,Yangyang Liu,2026-04-30,21:55:09,-07:00,2026-04-30T21:55:09-07:00,1,0
projects/projects.js,69,js,79e9fa2b,Yangyang Liu,2026-04-30,21:55:09,-07:00,2026-04-30T21:55:09-07:00,4,16
projects/projects.js,70,js,79e9fa2b,Yangyang Liu,2026-04-30,21:55:09,-07:00,2026-04-30T21:55:09-07:00,5,12
projects/projects.js,71,js,79e9fa2b,Yangyang Liu,2026-04-30,21:55:09,-07:00,2026-04-30T21:55:09-07:00,5,22
projects/projects.js,72,js,79e9fa2b,Yangyang Liu,2026-04-30,21:55:09,-07:00,2026-04-30T21:55:09-07:00,6,58
projects/projects.js,73,js,79e9fa2b,Yangyang Liu,2026-04-30,21:55:09,-07:00,2026-04-30T21:55:09-07:00,5,0
projects/projects.js,74,js,79e9fa2b,Yangyang Liu,2026-04-30,21:55:09,-07:00,2026-04-30T21:55:09-07:00,4,23
projects/projects.js,75,js,79e9fa2b,Yangyang Liu,2026-04-30,21:55:09,-07:00,2026-04-30T21:55:09-07:00,5,51
projects/projects.js,76,js,79e9fa2b,Yangyang Liu,2026-04-30,21:55:09,-07:00,2026-04-30T21:55:09-07:00,4,4
projects/projects.js,77,js,79e9fa2b,Yangyang Liu,2026-04-30,21:55:09,-07:00,2026-04-30T21:55:09-07:00,5,46
projects/projects.js,78,js,79e9fa2b,Yangyang Liu,2026-04-30,21:55:09,-07:00,2026-04-30T21:55:09-07:00,0,0
projects/projects.js,79,js,79e9fa2b,Yangyang Liu,2026-04-30,21:55:09,-07:00,2026-04-30T21:55:09-07:00,5,54
projects/projects.js,80,js,79e9fa2b,Yangyang Liu,2026-04-30,21:55:09,-07:00,2026-04-30T21:55:09-07:00,6,25
projects/projects.js,81,js,79e9fa2b,Yangyang Liu,2026-04-30,21:55:09,-07:00,2026-04-30T21:55:09-07:00,5,0
projects/projects.js,82,js,79e9fa2b,Yangyang Liu,2026-04-30,21:55:09,-07:00,2026-04-30T21:55:09-07:00,0,0
projects/projects.js,83,js,79e9fa2b,Yangyang Liu,2026-04-30,21:55:09,-07:00,2026-04-30T21:55:09-07:00,5,54
projects/projects.js,84,js,79e9fa2b,Yangyang Liu,2026-04-30,21:55:09,-07:00,2026-04-30T21:55:09-07:00,4,0
projects/projects.js,85,js,79e9fa2b,Yangyang Liu,2026-04-30,21:55:09,-07:00,2026-04-30T21:55:09-07:00,3,0
projects/projects.js,86,js,77dc9741,Yangyang Liu,2026-04-30,21:32:50,-07:00,2026-04-30T21:32:50-07:00,1,0
projects/projects.js,87,js,77dc9741,Yangyang Liu,2026-04-30,21:32:50,-07:00,2026-04-30T21:32:50-07:00,0,0
projects/projects.js,88,js,77dc9741,Yangyang Liu,2026-04-30,21:32:50,-07:00,2026-04-30T21:32:50-07:00,1,30
projects/projects.js,89,js,77dc9741,Yangyang Liu,2026-04-30,21:32:50,-07:00,2026-04-30T21:32:50-07:00,0,0
projects/projects.js,90,js,77dc9741,Yangyang Liu,2026-04-30,21:32:50,-07:00,2026-04-30T21:32:50-07:00,1,25
projects/projects.js,91,js,77dc9741,Yangyang Liu,2026-04-30,21:32:50,-07:00,2026-04-30T21:32:50-07:00,2,15
projects/projects.js,92,js,77dc9741,Yangyang Liu,2026-04-30,21:32:50,-07:00,2026-04-30T21:32:50-07:00,3,37
projects/projects.js,93,js,79e9fa2b,Yangyang Liu,2026-04-30,21:55:09,-07:00,2026-04-30T21:55:09-07:00,3,74
projects/projects.js,94,js,77dc9741,Yangyang Liu,2026-04-30,21:32:50,-07:00,2026-04-30T21:32:50-07:00,3,67
projects/projects.js,95,js,77dc9741,Yangyang Liu,2026-04-30,21:32:50,-07:00,2026-04-30T21:32:50-07:00,1,0
projects/projects.js,96,js,77dc9741,Yangyang Liu,2026-04-30,21:32:50,-07:00,2026-04-30T21:32:50-07:00,0,0
projects/projects.js,97,js,77dc9741,Yangyang Liu,2026-04-30,21:32:50,-07:00,2026-04-30T21:32:50-07:00,0,0
projects/projects.js,98,js,77dc9741,Yangyang Liu,2026-04-30,21:32:50,-07:00,2026-04-30T21:32:50-07:00,0,21
projects/projects.js,99,js,77dc9741,Yangyang Liu,2026-04-30,21:32:50,-07:00,2026-04-30T21:32:50-07:00,0,0
projects/projects.js,100,js,7f9d79bc,Yangyang Liu,2026-04-30,21:20:35,-07:00,2026-04-30T21:20:35-07:00,0,46
projects/projects.js,101,js,7f9d79bc,Yangyang Liu,2026-04-30,21:20:35,-07:00,2026-04-30T21:20:35-07:00,1,23
projects/projects.js,102,js,7f9d79bc,Yangyang Liu,2026-04-30,21:20:35,-07:00,2026-04-30T21:20:35-07:00,0,0
projects/projects.js,103,js,7f9d79bc,Yangyang Liu,2026-04-30,21:20:35,-07:00,2026-04-30T21:20:35-07:00,1,49
projects/projects.js,104,js,7f9d79bc,Yangyang Liu,2026-04-30,21:20:35,-07:00,2026-04-30T21:20:35-07:00,2,57
projects/projects.js,105,js,7f9d79bc,Yangyang Liu,2026-04-30,21:20:35,-07:00,2026-04-30T21:20:35-07:00,2,40
projects/projects.js,106,js,7f9d79bc,Yangyang Liu,2026-04-30,21:20:35,-07:00,2026-04-30T21:20:35-07:00,1,0
projects/projects.js,107,js,7f9d79bc,Yangyang Liu,2026-04-30,21:20:35,-07:00,2026-04-30T21:20:35-07:00,0,0
projects/projects.js,108,js,7f9d79bc,Yangyang Liu,2026-04-30,21:20:35,-07:00,2026-04-30T21:20:35-07:00,1,54
projects/projects.js,109,js,77dc9741,Yangyang Liu,2026-04-30,21:32:50,-07:00,2026-04-30T21:32:50-07:00,1,29
projects/projects.js,110,js,7f9d79bc,Yangyang Liu,2026-04-30,21:20:35,-07:00,2026-04-30T21:20:35-07:00,0,0
projects/projects.js,111,js,79e9fa2b,Yangyang Liu,2026-04-30,21:55:09,-07:00,2026-04-30T21:55:09-07:00,0,0
projects/projects.js,112,js,79e9fa2b,Yangyang Liu,2026-04-30,21:55:09,-07:00,2026-04-30T21:55:09-07:00,0,0
projects/projects.js,113,js,79e9fa2b,Yangyang Liu,2026-04-30,21:55:09,-07:00,2026-04-30T21:55:09-07:00,0,0
projects/index.html,1,html,40bdcf89,Yangyang Liu,2026-04-01,16:50:28,-07:00,2026-04-01T16:50:28-07:00,0,11
projects/index.html,2,html,40bdcf89,Yangyang Liu,2026-04-01,16:50:28,-07:00,2026-04-01T16:50:28-07:00,0,12
projects/index.html,3,html,6c487bd4,Yangyang Liu,2026-05-06,00:06:45,-07:00,2026-05-06T00:06:45-07:00,0,2
projects/index.html,4,html,6c487bd4,Yangyang Liu,2026-05-06,00:06:45,-07:00,2026-05-06T00:06:45-07:00,1,20
projects/index.html,5,html,6c487bd4,Yangyang Liu,2026-05-06,00:06:45,-07:00,2026-05-06T00:06:45-07:00,1,68
projects/index.html,6,html,40bdcf89,Yangyang Liu,2026-04-01,16:50:28,-07:00,2026-04-01T16:50:28-07:00,1,19
projects/index.html,7,html,6c487bd4,Yangyang Liu,2026-05-06,00:06:45,-07:00,2026-05-06T00:06:45-07:00,1,41
projects/index.html,8,html,70fd34ad,Yangyang Liu,2026-04-23,21:55:29,-07:00,2026-04-23T21:55:29-07:00,1,46
projects/index.html,9,html,70fd34ad,Yangyang Liu,2026-04-23,21:55:29,-07:00,2026-04-23T21:55:29-07:00,1,45
projects/index.html,10,html,6c487bd4,Yangyang Liu,2026-05-06,00:06:45,-07:00,2026-05-06T00:06:45-07:00,0,3
projects/index.html,11,html,6c487bd4,Yangyang Liu,2026-05-06,00:06:45,-07:00,2026-05-06T00:06:45-07:00,0,2
projects/index.html,12,html,953c9a0d,Yangyang Liu,2026-04-17,13:44:44,-07:00,2026-04-17T13:44:44-07:00,1,6
projects/index.html,13,html,40bdcf89,Yangyang Liu,2026-04-01,16:50:28,-07:00,2026-04-01T16:50:28-07:00,2,0
projects/index.html,14,html,3942f4a3,Yangyang Liu,2026-04-02,17:25:54,-07:00,2026-04-02T17:25:54-07:00,3,37
projects/index.html,15,html,508a9e69,Yangyang Liu,2026-04-17,11:13:43,-07:00,2026-04-17T11:13:43-07:00,3,29
projects/index.html,16,html,3942f4a3,Yangyang Liu,2026-04-02,17:25:54,-07:00,2026-04-02T17:25:54-07:00,3,48
projects/index.html,17,html,3942f4a3,Yangyang Liu,2026-04-02,17:25:54,-07:00,2026-04-02T17:25:54-07:00,3,68
projects/index.html,18,html,c9c622c8,Yangyang Liu,2026-04-02,18:10:17,-07:00,2026-04-02T18:10:17-07:00,3,46
projects/index.html,19,html,40bdcf89,Yangyang Liu,2026-04-01,16:50:28,-07:00,2026-04-01T16:50:28-07:00,2,1
projects/index.html,20,html,953c9a0d,Yangyang Liu,2026-04-17,13:44:44,-07:00,2026-04-17T13:44:44-07:00,1,6
projects/index.html,21,html,70fd34ad,Yangyang Liu,2026-04-23,21:55:29,-07:00,2026-04-23T21:55:29-07:00,1,36
projects/index.html,22,html,2d80eebe,Yangyang Liu,2026-04-30,20:50:36,-07:00,2026-04-30T20:50:36-07:00,1,25
projects/index.html,23,html,6c487bd4,Yangyang Liu,2026-05-06,00:06:45,-07:00,2026-05-06T00:06:45-07:00,1,52
projects/index.html,24,html,6c487bd4,Yangyang Liu,2026-05-06,00:06:45,-07:00,2026-05-06T00:06:45-07:00,1,20
projects/index.html,25,html,2d80eebe,Yangyang Liu,2026-04-30,20:50:36,-07:00,2026-04-30T20:50:36-07:00,1,2
projects/index.html,26,html,7f9d79bc,Yangyang Liu,2026-04-30,21:20:35,-07:00,2026-04-30T21:20:35-07:00,1,2
projects/index.html,27,html,6c487bd4,Yangyang Liu,2026-05-06,00:06:45,-07:00,2026-05-06T00:06:45-07:00,1,13
projects/index.html,28,html,6c487bd4,Yangyang Liu,2026-05-06,00:06:45,-07:00,2026-05-06T00:06:45-07:00,1,9
projects/index.html,29,html,6c487bd4,Yangyang Liu,2026-05-06,00:06:45,-07:00,2026-05-06T00:06:45-07:00,1,24
projects/index.html,30,html,6c487bd4,Yangyang Liu,2026-05-06,00:06:45,-07:00,2026-05-06T00:06:45-07:00,1,29
projects/index.html,31,html,7f9d79bc,Yangyang Liu,2026-04-30,21:20:35,-07:00,2026-04-30T21:20:35-07:00,1,0
projects/index.html,32,html,70fd34ad,Yangyang Liu,2026-04-23,21:55:29,-07:00,2026-04-23T21:55:29-07:00,1,24
projects/index.html,33,html,6c487bd4,Yangyang Liu,2026-05-06,00:06:45,-07:00,2026-05-06T00:06:45-07:00,0,3
projects/index.html,34,html,6c487bd4,Yangyang Liu,2026-05-06,00:06:45,-07:00,2026-05-06T00:06:45-07:00,0,3
meta/index.html,1,html,6c487bd4,Yangyang Liu,2026-05-06,00:06:45,-07:00,2026-05-06T00:06:45-07:00,0,11
meta/index.html,2,html,6c487bd4,Yangyang Liu,2026-05-06,00:06:45,-07:00,2026-05-06T00:06:45-07:00,0,12
meta/index.html,3,html,6c487bd4,Yangyang Liu,2026-05-06,00:06:45,-07:00,2026-05-06T00:06:45-07:00,0,2
meta/index.html,4,html,6c487bd4,Yangyang Liu,2026-05-06,00:06:45,-07:00,2026-05-06T00:06:45-07:00,1,20
meta/index.html,5,html,6c487bd4,Yangyang Liu,2026-05-06,00:06:45,-07:00,2026-05-06T00:06:45-07:00,1,68
meta/index.html,6,html,6c487bd4,Yangyang Liu,2026-05-06,00:06:45,-07:00,2026-05-06T00:06:45-07:00,1,15
meta/index.html,7,html,6c487bd4,Yangyang Liu,2026-05-06,00:06:45,-07:00,2026-05-06T00:06:45-07:00,1,41
meta/index.html,8,html,6c487bd4,Yangyang Liu,2026-05-06,00:06:45,-07:00,2026-05-06T00:06:45-07:00,1,46
meta/index.html,9,html,6c487bd4,Yangyang Liu,2026-05-06,00:06:45,-07:00,2026-05-06T00:06:45-07:00,0,3
meta/index.html,10,html,6c487bd4,Yangyang Liu,2026-05-06,00:06:45,-07:00,2026-05-06T00:06:45-07:00,0,2
meta/index.html,11,html,6c487bd4,Yangyang Liu,2026-05-06,00:06:45,-07:00,2026-05-06T00:06:45-07:00,1,9
meta/index.html,12,html,6c487bd4,Yangyang Liu,2026-05-06,00:06:45,-07:00,2026-05-06T00:06:45-07:00,1,59
meta/index.html,13,html,6c487bd4,Yangyang Liu,2026-05-06,00:06:45,-07:00,2026-05-06T00:06:45-07:00,0,3
meta/index.html,14,html,6c487bd4,Yangyang Liu,2026-05-06,00:06:45,-07:00,2026-05-06T00:06:45-07:00,0,3
contact/index.html,1,html,40bdcf89,Yangyang Liu,2026-04-01,16:50:28,-07:00,2026-04-01T16:50:28-07:00,0,11
contact/index.html,2,html,40bdcf89,Yangyang Liu,2026-04-01,16:50:28,-07:00,2026-04-01T16:50:28-07:00,0,12
contact/index.html,3,html,6c487bd4,Yangyang Liu,2026-05-06,00:06:45,-07:00,2026-05-06T00:06:45-07:00,0,2
contact/index.html,4,html,6c487bd4,Yangyang Liu,2026-05-06,00:06:45,-07:00,2026-05-06T00:06:45-07:00,1,20
contact/index.html,5,html,6c487bd4,Yangyang Liu,2026-05-06,00:06:45,-07:00,2026-05-06T00:06:45-07:00,1,68
contact/index.html,6,html,40bdcf89,Yangyang Liu,2026-04-01,16:50:28,-07:00,2026-04-01T16:50:28-07:00,1,18
contact/index.html,7,html,6c487bd4,Yangyang Liu,2026-05-06,00:06:45,-07:00,2026-05-06T00:06:45-07:00,1,41
contact/index.html,8,html,f8df305f,Yangyang Liu,2026-04-17,11:05:14,-07:00,2026-04-17T11:05:14-07:00,1,46
contact/index.html,9,html,6c487bd4,Yangyang Liu,2026-05-06,00:06:45,-07:00,2026-05-06T00:06:45-07:00,0,3
contact/index.html,10,html,6c487bd4,Yangyang Liu,2026-05-06,00:06:45,-07:00,2026-05-06T00:06:45-07:00,0,2
contact/index.html,11,html,953c9a0d,Yangyang Liu,2026-04-17,13:44:44,-07:00,2026-04-17T13:44:44-07:00,1,6
contact/index.html,12,html,40bdcf89,Yangyang Liu,2026-04-01,16:50:28,-07:00,2026-04-01T16:50:28-07:00,2,0
contact/index.html,13,html,3942f4a3,Yangyang Liu,2026-04-02,17:25:54,-07:00,2026-04-02T17:25:54-07:00,3,37
contact/index.html,14,html,3942f4a3,Yangyang Liu,2026-04-02,17:25:54,-07:00,2026-04-02T17:25:54-07:00,3,50
contact/index.html,15,html,508a9e69,Yangyang Liu,2026-04-17,11:13:43,-07:00,2026-04-17T11:13:43-07:00,3,28
contact/index.html,16,html,3942f4a3,Yangyang Liu,2026-04-02,17:25:54,-07:00,2026-04-02T17:25:54-07:00,3,68
contact/index.html,17,html,c9c622c8,Yangyang Liu,2026-04-02,18:10:17,-07:00,2026-04-02T18:10:17-07:00,3,46
contact/index.html,18,html,40bdcf89,Yangyang Liu,2026-04-01,16:50:28,-07:00,2026-04-01T16:50:28-07:00,2,1
contact/index.html,19,html,953c9a0d,Yangyang Liu,2026-04-17,13:44:44,-07:00,2026-04-17T13:44:44-07:00,1,6
contact/index.html,20,html,40bdcf89,Yangyang Liu,2026-04-01,16:50:28,-07:00,2026-04-01T16:50:28-07:00,1,12
contact/index.html,21,html,bb3d1fef,Yangyang Liu,2026-04-17,14:10:29,-07:00,2026-04-17T14:10:29-07:00,1,54
contact/index.html,22,html,6c487bd4,Yangyang Liu,2026-05-06,00:06:45,-07:00,2026-05-06T00:06:45-07:00,1,3
contact/index.html,23,html,6c487bd4,Yangyang Liu,2026-05-06,00:06:45,-07:00,2026-05-06T00:06:45-07:00,2,2
contact/index.html,24,html,6c487bd4,Yangyang Liu,2026-05-06,00:06:45,-07:00,2026-05-06T00:06:45-07:00,2,31
contact/index.html,25,html,6c487bd4,Yangyang Liu,2026-05-06,00:06:45,-07:00,2026-05-06T00:06:45-07:00,1,4
contact/index.html,26,html,c9c622c8,Yangyang Liu,2026-04-02,18:10:17,-07:00,2026-04-02T18:10:17-07:00,0,0
contact/index.html,27,html,6c487bd4,Yangyang Liu,2026-05-06,00:06:45,-07:00,2026-05-06T00:06:45-07:00,1,3
contact/index.html,28,html,6c487bd4,Yangyang Liu,2026-05-06,00:06:45,-07:00,2026-05-06T00:06:45-07:00,2,4
contact/index.html,29,html,6c487bd4,Yangyang Liu,2026-05-06,00:06:45,-07:00,2026-05-06T00:06:45-07:00,2,20
contact/index.html,30,html,6c487bd4,Yangyang Liu,2026-05-06,00:06:45,-07:00,2026-05-06T00:06:45-07:00,1,4
contact/index.html,31,html,c9c622c8,Yangyang Liu,2026-04-02,18:10:17,-07:00,2026-04-02T18:10:17-07:00,0,0
contact/index.html,32,html,6c487bd4,Yangyang Liu,2026-05-06,00:06:45,-07:00,2026-05-06T00:06:45-07:00,1,3
contact/index.html,33,html,6c487bd4,Yangyang Liu,2026-05-06,00:06:45,-07:00,2026-05-06T00:06:45-07:00,2,4
contact/index.html,34,html,6c487bd4,Yangyang Liu,2026-05-06,00:06:45,-07:00,2026-05-06T00:06:45-07:00,2,29
contact/index.html,35,html,6c487bd4,Yangyang Liu,2026-05-06,00:06:45,-07:00,2026-05-06T00:06:45-07:00,1,4
contact/index.html,36,html,c9c622c8,Yangyang Liu,2026-04-02,18:10:17,-07:00,2026-04-02T18:10:17-07:00,0,0
contact/index.html,37,html,6c487bd4,Yangyang Liu,2026-05-06,00:06:45,-07:00,2026-05-06T00:06:45-07:00,1,19
contact/index.html,38,html,c9c622c8,Yangyang Liu,2026-04-02,18:10:17,-07:00,2026-04-02T18:10:17-07:00,1,3
contact/index.html,39,html,6c487bd4,Yangyang Liu,2026-05-06,00:06:45,-07:00,2026-05-06T00:06:45-07:00,0,3
contact/index.html,40,html,6c487bd4,Yangyang Liu,2026-05-06,00:06:45,-07:00,2026-05-06T00:06:45-07:00,0,3
